"nro_presupuesto","fecha","estado","cliente","obra","moneda","total_venta","rubro","tipo_linea","descripcion","unidad","cantidad","costo_unitario","personas","horas","valor_hora","desperdicio_pct","margen_pct"
"P-2026-001","31/8/2026","ENVIADO","Ykuakaranday","Herrería Ykuakaranday","PYG","296304254","Quincho","MATERIAL","PILAR metálico 2C 140×60×17×2,0 mm","ml","11.6","125000","","","","0","31.25"
"P-2026-001","31/8/2026","ENVIADO","Ykuakaranday","Herrería Ykuakaranday","PYG","296304254","Quincho","MATERIAL","Techo metálico: vigas 2C 150x50, correas 120x50, chapa PIR 50 mm, placas 6 mm","m2","28","285000","","","","0","31.25"
"P-2026-001","31/8/2026","ENVIADO","Ykuakaranday","Herrería Ykuakaranday","PYG","296304254","Quincho","MATERIAL","Canaleta de chapa N° 26 galvanizada","ml","7","70000","","","","0","31.25"
"P-2026-001","31/8/2026","ENVIADO","Ykuakaranday","Herrería Ykuakaranday","PYG","296304254","Quincho","MATERIAL","Parrilla metálica enlozada 1,20x0,75 m con carbonera, campana, ducto Ø30 cm y sombrerete","un","1","3200000","","","","0","31.25"
"P-2026-001","31/8/2026","ENVIADO","Ykuakaranday","Herrería Ykuakaranday","PYG","296304254","Salón multiuso","MATERIAL","Techo metálico: vigas 2C 150x50, correas 120x50, chapa PIR 30 mm, placas 6 mm","m2","156","285000","","","","0","31.25"
"P-2026-001","31/8/2026","ENVIADO","Ykuakaranday","Herrería Ykuakaranday","PYG","296304254","Salón multiuso","MATERIAL","Babeta metálica de chapa galvanizada #26, desarrollo máx. 0,5 m, con aislación","ml","42.4","70000","","","","0","31.25"
"P-2026-001","31/8/2026","ENVIADO","Ykuakaranday","Herrería Ykuakaranday","PYG","296304254","Salón multiuso","MATERIAL","Canaleta de chapa N° 26 galvanizada","ml","18.5","65000","","","","0","31.25"
"P-2026-001","31/8/2026","ENVIADO","Ykuakaranday","Herrería Ykuakaranday","PYG","296304254","Salón multiuso","MATERIAL","Pergolado metálico: perfiles #80x3,0 mm, #40x2,0 mm, #40x1,6 mm","m2","56.87","210000","","","","0","31.25"
"P-2026-001","31/8/2026","ENVIADO","Ykuakaranday","Herrería Ykuakaranday","PYG","296304254","Salón multiuso","MATERIAL","PILAR metálico #100×4,0 mm","ml","6","165000","","","","0","31.25"
"P-2026-001","31/8/2026","ENVIADO","Ykuakaranday","Herrería Ykuakaranday","PYG","296304254","Salón multiuso","MATERIAL","Parrilla enlozada 1,20x0,75 m con carbonera y cubrepanza","un","1","2900000","","","","0","31.25"
"P-2026-001","31/8/2026","ENVIADO","Ykuakaranday","Herrería Ykuakaranday","PYG","296304254","Salón multiuso","MATERIAL","Ducto de chapa negra Ø30 cm","ml","2.66","140000","","","","0","31.25"
"P-2026-001","31/8/2026","ENVIADO","Ykuakaranday","Herrería Ykuakaranday","PYG","296304254","Salón multiuso","MATERIAL","Campana para parrilla en chapa negra","un","1","850000","","","","0","31.25"
"P-2026-001","31/8/2026","ENVIADO","Ykuakaranday","Herrería Ykuakaranday","PYG","296304254","Salón multiuso","MATERIAL","Sombrerete de parrilla metálica sobre ducto","un","1","250000","","","","0","31.25"
"P-2026-001","31/8/2026","ENVIADO","Ykuakaranday","Herrería Ykuakaranday","PYG","296304254","Salón multiuso","MATERIAL","PH03. Puerta doble batiente apersianada 1,60x2,10 m con herrajes","un","1","1950000","","","","0","31.25"
"P-2026-001","31/8/2026","ENVIADO","Ykuakaranday","Herrería Ykuakaranday","PYG","296304254","Salón multiuso","MATERIAL","PH02. Puerta batiente chapa lisa 0,90x2,10 m con cerradura Yale y accesorios","un","1","1150000","","","","0","31.25"
"P-2026-001","31/8/2026","ENVIADO","Ykuakaranday","Herrería Ykuakaranday","PYG","296304254","Gimnasio","MATERIAL","Techo metálico chapa PIR 30 mm: vigas 2C 150x50, correas 120x50","m2","57","285000","","","","0","31.25"
"P-2026-001","31/8/2026","ENVIADO","Ykuakaranday","Herrería Ykuakaranday","PYG","296304254","Gimnasio","MATERIAL","Babeta metálica chapa galvanizada #26, desarrollo máx. 0,5 m","ml","21.3","70000","","","","0","31.25"
"P-2026-001","31/8/2026","ENVIADO","Ykuakaranday","Herrería Ykuakaranday","PYG","296304254","Gimnasio","MATERIAL","Canaleta de chapa N° 26 galvanizada","ml","9.5","90000","","","","0","31.25"
"P-2026-001","31/8/2026","ENVIADO","Ykuakaranday","Herrería Ykuakaranday","PYG","296304254","Gimnasio","MATERIAL","Pergolado metálico #80x3,0, #40x2,0, #40x1,6","m2","30.94","250000","","","","0","31.25"
"P-2026-001","31/8/2026","ENVIADO","Ykuakaranday","Herrería Ykuakaranday","PYG","296304254","Gimnasio","MATERIAL","PILAR metálico #80×4,0 mm","ml","6","135000","","","","0","31.25"
"P-2026-001","31/8/2026","ENVIADO","Ykuakaranday","Herrería Ykuakaranday","PYG","296304254","Sanitarios","MATERIAL","Techo metálico chapa PIR 50 mm: vigas 2C 150x50, correas 120x50","m2","73","285000","","","","0","31.25"
"P-2026-001","31/8/2026","ENVIADO","Ykuakaranday","Herrería Ykuakaranday","PYG","296304254","Sanitarios","MATERIAL","Babeta metálica chapa galvanizada #26","ml","27.4","70000","","","","0","31.25"
"P-2026-001","31/8/2026","ENVIADO","Ykuakaranday","Herrería Ykuakaranday","PYG","296304254","Sanitarios","MATERIAL","Canaleta de chapa N° 26 galvanizada","ml","18.8","90000","","","","0","31.25"
"P-2026-001","31/8/2026","ENVIADO","Ykuakaranday","Herrería Ykuakaranday","PYG","296304254","Sanitarios","MATERIAL","PH03. Puerta doble batiente apersianada 1,60x2,10 m","un","2","1950000","","","","0","31.25"
"P-2026-001","31/8/2026","ENVIADO","Ykuakaranday","Herrería Ykuakaranday","PYG","296304254","Caseta de guardia y acceso principal","MATERIAL","Techo metálico chapa PIR 30 mm: vigas 2C 150x50, correas 120x50","m2","82","285000","","","","0","31.25"
"P-2026-001","31/8/2026","ENVIADO","Ykuakaranday","Herrería Ykuakaranday","PYG","296304254","Caseta de guardia y acceso principal","MATERIAL","Babeta metálica chapa galvanizada #26","ml","34.68","70000","","","","0","31.25"
"P-2026-001","31/8/2026","ENVIADO","Ykuakaranday","Herrería Ykuakaranday","PYG","296304254","Caseta de guardia y acceso principal","MATERIAL","Canaleta de chapa N° 26 galvanizada","ml","22","90000","","","","0","31.25"
"P-2026-001","31/8/2026","ENVIADO","Ykuakaranday","Herrería Ykuakaranday","PYG","296304254","Caseta de guardia y acceso principal","MATERIAL","PH01. Puerta batiente chapa lisa 0,80x2,10 m con cerradura","un","1","1050000","","","","0","31.25"
"P-2026-001","31/8/2026","ENVIADO","Ykuakaranday","Herrería Ykuakaranday","PYG","296304254","Caseta de guardia y acceso principal","MATERIAL","PH03. Puerta doble batiente apersianada 1,60x2,10 m","un","4","1950000","","","","0","31.25"
"P-2026-001","31/8/2026","ENVIADO","Ykuakaranday","Herrería Ykuakaranday","PYG","296304254","Caseta de guardia y acceso principal","MATERIAL","H01. Conjunto de acceso: reja fija, portón vehicular 2 hojas 6,00x2,86 m y portón peatonal 1,00x2,86 m","un","1","9009000","","","","0","31.25"
"P-2026-002","31/8/2026","BORRADOR","Sr. propietario","Instalaciones eléctricas y climatización — Luque, Central","PYG","167232996","9 — Instalaciones eléctricas","MATERIAL","— ILUMINACION —","un","0","0","","","","0","0"
"P-2026-002","31/8/2026","BORRADOR","Sr. propietario","Instalaciones eléctricas y climatización — Luque, Central","PYG","167232996","9 — Instalaciones eléctricas","MATERIAL","ARTEFACTO DE ILUMINACION DE ADOSAR LED CIRC. Ø285 h28 24W FRIA  [ELECTROPAR]","un","34","95000","","","","0","0"
"P-2026-002","31/8/2026","BORRADOR","Sr. propietario","Instalaciones eléctricas y climatización — Luque, Central","PYG","167232996","9 — Instalaciones eléctricas","MATERIAL","ARTEFACTO DE ADOSAR TECHO DICRO GU10 CIRC FIJO NEGRO DION - ZAGA  [ELECTROPAR]","un","6","88000","","","","0","0"
"P-2026-002","31/8/2026","BORRADOR","Sr. propietario","Instalaciones eléctricas y climatización — Luque, Central","PYG","167232996","9 — Instalaciones eléctricas","MATERIAL","— MANO DE OBRA —","un","0","0","","","","0","0"
"P-2026-002","31/8/2026","BORRADOR","Sr. propietario","Instalaciones eléctricas y climatización — Luque, Central","PYG","167232996","9 — Instalaciones eléctricas","MATERIAL","* Boca en  luminarias Interna","un","34","85000","","","","0","0"
"P-2026-002","31/8/2026","BORRADOR","Sr. propietario","Instalaciones eléctricas y climatización — Luque, Central","PYG","167232996","9 — Instalaciones eléctricas","MATERIAL","* Boca en  luminarias Exteriores","un","6","95000","","","","0","0"
"P-2026-002","31/8/2026","BORRADOR","Sr. propietario","Instalaciones eléctricas y climatización — Luque, Central","PYG","167232996","9 — Instalaciones eléctricas","MATERIAL","* Boca en toma corriente comunes","un","40","85000","","","","0","0"
"P-2026-002","31/8/2026","BORRADOR","Sr. propietario","Instalaciones eléctricas y climatización — Luque, Central","PYG","167232996","9 — Instalaciones eléctricas","MATERIAL","* Boca en toma para horno","un","1","130000","","","","0","0"
"P-2026-002","31/8/2026","BORRADOR","Sr. propietario","Instalaciones eléctricas y climatización — Luque, Central","PYG","167232996","9 — Instalaciones eléctricas","MATERIAL","* Boca en toma para microondas","un","1","110000","","","","0","0"
"P-2026-002","31/8/2026","BORRADOR","Sr. propietario","Instalaciones eléctricas y climatización — Luque, Central","PYG","167232996","9 — Instalaciones eléctricas","MATERIAL","* Boca en toma para heladera","un","1","110000","","","","0","0"
"P-2026-002","31/8/2026","BORRADOR","Sr. propietario","Instalaciones eléctricas y climatización — Luque, Central","PYG","167232996","9 — Instalaciones eléctricas","MATERIAL","* Boca en toma para cocina anafe","un","1","130000","","","","0","0"
"P-2026-002","31/8/2026","BORRADOR","Sr. propietario","Instalaciones eléctricas y climatización — Luque, Central","PYG","167232996","9 — Instalaciones eléctricas","MATERIAL","* Boca en toma para lavarropa","un","1","110000","","","","0","0"
"P-2026-002","31/8/2026","BORRADOR","Sr. propietario","Instalaciones eléctricas y climatización — Luque, Central","PYG","167232996","9 — Instalaciones eléctricas","MATERIAL","* Boca en toma para secarropa","un","1","110000","","","","0","0"
"P-2026-002","31/8/2026","BORRADOR","Sr. propietario","Instalaciones eléctricas y climatización — Luque, Central","PYG","167232996","9 — Instalaciones eléctricas","MATERIAL","* Boca en toma sobre mesada","un","2","95000","","","","0","0"
"P-2026-002","31/8/2026","BORRADOR","Sr. propietario","Instalaciones eléctricas y climatización — Luque, Central","PYG","167232996","9 — Instalaciones eléctricas","MATERIAL","* Boca en extractor de aire cocina","un","1","95000","","","","0","0"
"P-2026-002","31/8/2026","BORRADOR","Sr. propietario","Instalaciones eléctricas y climatización — Luque, Central","PYG","167232996","9 — Instalaciones eléctricas","MATERIAL","* Boca en toma para plancha","un","1","85000","","","","0","0"
"P-2026-002","31/8/2026","BORRADOR","Sr. propietario","Instalaciones eléctricas y climatización — Luque, Central","PYG","167232996","9 — Instalaciones eléctricas","MATERIAL","* Boca en alimentación para Aire monofásica","un","6","150000","","","","0","0"
"P-2026-002","31/8/2026","BORRADOR","Sr. propietario","Instalaciones eléctricas y climatización — Luque, Central","PYG","167232996","9 — Instalaciones eléctricas","MATERIAL","* Boca en alimentación para termo calefones","un","2","150000","","","","0","0"
"P-2026-002","31/8/2026","BORRADOR","Sr. propietario","Instalaciones eléctricas y climatización — Luque, Central","PYG","167232996","9 — Instalaciones eléctricas","MATERIAL","*Boca en ventilador de techo","un","4","120000","","","","0","0"
"P-2026-002","31/8/2026","BORRADOR","Sr. propietario","Instalaciones eléctricas y climatización — Luque, Central","PYG","167232996","9 — Instalaciones eléctricas","MATERIAL","* Provisión y colocación de tablero de 24 modulos, planta Alta","un","2","850000","","","","0","0"
"P-2026-002","31/8/2026","BORRADOR","Sr. propietario","Instalaciones eléctricas y climatización — Luque, Central","PYG","167232996","9 — Instalaciones eléctricas","MATERIAL","* Boca en tableros colocación y conexión de llaves TM ( planta baja y planta alta )","un","25","95000","","","","0","0"
"P-2026-002","31/8/2026","BORRADOR","Sr. propietario","Instalaciones eléctricas y climatización — Luque, Central","PYG","167232996","9 — Instalaciones eléctricas","MATERIAL","* Cableado para alimentador principal tablero planta baja 4x16mm2 ( metros lineal )","ml","18","120000","","","","0","0"
"P-2026-002","31/8/2026","BORRADOR","Sr. propietario","Instalaciones eléctricas y climatización — Luque, Central","PYG","167232996","9 — Instalaciones eléctricas","MATERIAL","* Colocación y conexión de artefactos normales","un","58","55000","","","","0","0"
"P-2026-002","31/8/2026","BORRADOR","Sr. propietario","Instalaciones eléctricas y climatización — Luque, Central","PYG","167232996","9 — Instalaciones eléctricas","MATERIAL","* Ducteado para  TV cable","un","5","85000","","","","0","0"
"P-2026-002","31/8/2026","BORRADOR","Sr. propietario","Instalaciones eléctricas y climatización — Luque, Central","PYG","167232996","9 — Instalaciones eléctricas","MATERIAL","* Ducteado para  Internet","un","1","85000","","","","0","0"
"P-2026-002","31/8/2026","BORRADOR","Sr. propietario","Instalaciones eléctricas y climatización — Luque, Central","PYG","167232996","9 — Instalaciones eléctricas","MATERIAL","* Colocación de caja para central de señales debiles","un","1","180000","","","","0","0"
"P-2026-002","31/8/2026","BORRADOR","Sr. propietario","Instalaciones eléctricas y climatización — Luque, Central","PYG","167232996","9 — Instalaciones eléctricas","MATERIAL","* Alimentación  de motobomba de agua","un","1","350000","","","","0","0"
"P-2026-002","31/8/2026","BORRADOR","Sr. propietario","Instalaciones eléctricas y climatización — Luque, Central","PYG","167232996","9 — Instalaciones eléctricas","MATERIAL","* Preparación con cableado para medidor y acometida","gl","1","1200000","","","","0","0"
"P-2026-002","31/8/2026","BORRADOR","Sr. propietario","Instalaciones eléctricas y climatización — Luque, Central","PYG","167232996","9 — Instalaciones eléctricas","MATERIAL","* Preparación de puesta a tierra para los tableros","gl","1","950000","","","","0","0"
"P-2026-002","31/8/2026","BORRADOR","Sr. propietario","Instalaciones eléctricas y climatización — Luque, Central","PYG","167232996","11 — Instalaciones térmicas y ventilación","MATERIAL","— INSTALACIONES TERMICAS Y VENTILACION —","un","0","0","","","","0","0"
"P-2026-002","31/8/2026","BORRADOR","Sr. propietario","Instalaciones eléctricas y climatización — Luque, Central","PYG","167232996","11 — Instalaciones térmicas y ventilación","MATERIAL","PROVISION DE AIRE ACONDICIONADO DE 12.000 BTU/H  [TUPY / VCP]","un","3","2650000","","","","0","0"
"P-2026-002","31/8/2026","BORRADOR","Sr. propietario","Instalaciones eléctricas y climatización — Luque, Central","PYG","167232996","11 — Instalaciones térmicas y ventilación","MATERIAL","CONEXION DE AIRE ACONDICIONADO DE 12.000 BTU/H POR ML","m","36","120000","","","","0","0"
"P-2026-002","31/8/2026","BORRADOR","Sr. propietario","Instalaciones eléctricas y climatización — Luque, Central","PYG","167232996","11 — Instalaciones térmicas y ventilación","MATERIAL","MONTAJE DE AIRE ACONDICIONADO DE 12.000 BTU/H","un","3","450000","","","","0","0"
"P-2026-002","31/8/2026","BORRADOR","Sr. propietario","Instalaciones eléctricas y climatización — Luque, Central","PYG","167232996","11 — Instalaciones térmicas y ventilación","MATERIAL","PROVISION DE AIRE ACONDICIONADO DE 18.000 BTU/H  [TUPY / JAM]","un","3","4350000","","","","0","0"
"P-2026-002","31/8/2026","BORRADOR","Sr. propietario","Instalaciones eléctricas y climatización — Luque, Central","PYG","167232996","11 — Instalaciones térmicas y ventilación","MATERIAL","CONEXION DE AIRE ACONDICIONADO DE 18.000 BTU/H POR ML","m","36","145000","","","","0","0"
"P-2026-002","31/8/2026","BORRADOR","Sr. propietario","Instalaciones eléctricas y climatización — Luque, Central","PYG","167232996","11 — Instalaciones térmicas y ventilación","MATERIAL","MONTAJE DE AIRE ACONDICIONADO DE 18.000 BTU/H","un","3","550000","","","","0","0"
"P-2026-002","31/8/2026","BORRADOR","Sr. propietario","Instalaciones eléctricas y climatización — Luque, Central","PYG","167232996","11 — Instalaciones térmicas y ventilación","MATERIAL","Provisión y montaje de ventilador de 56""  [BRISTOL / Tokyo]","un","4","750000","","","","0","0"
"P-2026-002","31/8/2026","BORRADOR","Sr. propietario","Instalaciones eléctricas y climatización — Luque, Central","PYG","167232996","Quincho","MATERIAL","— QUINCHO —","un","0","0","","","","0","0"
"P-2026-002","31/8/2026","BORRADOR","Sr. propietario","Instalaciones eléctricas y climatización — Luque, Central","PYG","167232996","Quincho","MATERIAL","— INSTALACION ELECTRICA —","un","0","0","","","","0","0"
"P-2026-002","31/8/2026","BORRADOR","Sr. propietario","Instalaciones eléctricas y climatización — Luque, Central","PYG","167232996","Quincho","MATERIAL","— ILUMINACION —","un","0","0","","","","0","0"
"P-2026-002","31/8/2026","BORRADOR","Sr. propietario","Instalaciones eléctricas y climatización — Luque, Central","PYG","167232996","Quincho","MATERIAL","Artefacto De Iluminación De Adosar Led 18 W Fria H28 210X210  [LUMINITECNIA]","un","4","34874","","","","0","0"
"P-2026-002","31/8/2026","BORRADOR","Sr. propietario","Instalaciones eléctricas y climatización — Luque, Central","PYG","167232996","Quincho","MATERIAL","Bocas De Iluminación","un","4","85000","","","","0","0"
"P-2026-002","31/8/2026","BORRADOR","Sr. propietario","Instalaciones eléctricas y climatización — Luque, Central","PYG","167232996","Quincho","MATERIAL","Montaje De Artefactos De Iluminación","un","4","55000","","","","0","0"
"P-2026-002","31/8/2026","BORRADOR","Sr. propietario","Instalaciones eléctricas y climatización — Luque, Central","PYG","167232996","Quincho","MATERIAL","— TOMAS —","un","0","0","","","","0","0"
"P-2026-002","31/8/2026","BORRADOR","Sr. propietario","Instalaciones eléctricas y climatización — Luque, Central","PYG","167232996","Quincho","MATERIAL","Boca De Tomas Universal Doble C/ Tierra  [ELECTROPAR]","un","2","85000","","","","0","0"
"P-2026-002","31/8/2026","BORRADOR","Sr. propietario","Instalaciones eléctricas y climatización — Luque, Central","PYG","167232996","Quincho","MATERIAL","Boca De Tomas Para Ventiladores De Techo  [ELECTROPAR]","un","1","120000","","","","0","0"
"P-2026-002","31/8/2026","BORRADOR","Sr. propietario","Instalaciones eléctricas y climatización — Luque, Central","PYG","167232996","Quincho","MATERIAL","Boca De Tomas Con Tierra Schuko  [ELECTROPAR]","un","2","85000","","","","0","0"
"P-2026-002","31/8/2026","BORRADOR","Sr. propietario","Instalaciones eléctricas y climatización — Luque, Central","PYG","167232996","Quincho","MATERIAL","— ALIMENTACION A TABLEROS —","un","0","0","","","","0","0"
"P-2026-002","31/8/2026","BORRADOR","Sr. propietario","Instalaciones eléctricas y climatización — Luque, Central","PYG","167232996","Quincho","MATERIAL","Cable Xlpe De 4X16Mm2 + 1X6Tmm2 - Alimentación Ts-Zb-Canchas Y Quinchos Desde Gabinete De Medidores 2","m","25","18500","","","","0","0"
"P-2026-002","31/8/2026","BORRADOR","Sr. propietario","Instalaciones eléctricas y climatización — Luque, Central","PYG","167232996","Quincho","MATERIAL","Ducteado Por Ml","m","25","0","","","","0","0"
"P-2026-002","31/8/2026","BORRADOR","Sr. propietario","Instalaciones eléctricas y climatización — Luque, Central","PYG","167232996","Quincho","MATERIAL","— TABLEROS —","un","0","0","","","","0","0"
"P-2026-002","31/8/2026","BORRADOR","Sr. propietario","Instalaciones eléctricas y climatización — Luque, Central","PYG","167232996","Quincho","MATERIAL","Interruptor Termomagnético 1X10 A - Marca Abb","un","2","55000","","","","0","0"
"P-2026-002","31/8/2026","BORRADOR","Sr. propietario","Instalaciones eléctricas y climatización — Luque, Central","PYG","167232996","Quincho","MATERIAL","Interruptor Termomagnético 1X16 A - Marca Abb","un","2","55000","","","","0","0"
"P-2026-002","31/8/2026","BORRADOR","Sr. propietario","Instalaciones eléctricas y climatización — Luque, Central","PYG","167232996","Quincho","MATERIAL","— ALIMENTACIONES A CIRCUITOS —","un","0","0","","","","0","0"
"P-2026-002","31/8/2026","BORRADOR","Sr. propietario","Instalaciones eléctricas y climatización — Luque, Central","PYG","167232996","Quincho","MATERIAL","Cable Multifilar 3X4Mm² Alimentación Para Iluminación","m","120","0","","","","0","0"
"P-2026-002","31/8/2026","BORRADOR","Sr. propietario","Instalaciones eléctricas y climatización — Luque, Central","PYG","167232996","Quincho","MATERIAL","Cable Multifilar 3X2,5Mm² Alimentación Para Iluminación","m","40","0","","","","0","0"
"P-2026-002","31/8/2026","BORRADOR","Sr. propietario","Instalaciones eléctricas y climatización — Luque, Central","PYG","167232996","Quincho","MATERIAL","Cable Multifilar 4X4Mm² + T1X2.5Mm² Alimentación De Tomas","m","110","0","","","","0","0"
"P-2026-002","31/8/2026","BORRADOR","Sr. propietario","Instalaciones eléctricas y climatización — Luque, Central","PYG","167232996","Salón multiuso","MATERIAL","— SALON MULTIUSO —","un","0","0","","","","0","0"
"P-2026-002","31/8/2026","BORRADOR","Sr. propietario","Instalaciones eléctricas y climatización — Luque, Central","PYG","167232996","Salón multiuso","MATERIAL","— INSTALACIONES ELECTRICAS —","un","0","0","","","","0","0"
"P-2026-002","31/8/2026","BORRADOR","Sr. propietario","Instalaciones eléctricas y climatización — Luque, Central","PYG","167232996","Salón multiuso","MATERIAL","— ILUMINACION —","un","0","0","","","","0","0"
"P-2026-002","31/8/2026","BORRADOR","Sr. propietario","Instalaciones eléctricas y climatización — Luque, Central","PYG","167232996","Salón multiuso","MATERIAL","Artefacto De Iluminación De Adosar Cabezal Led P/Riel Magnético 12W Luz Calida/Neutra/Fria Negro Linpi Minitrak – Zaga","un","35","0","","","","0","0"
"P-2026-002","31/8/2026","BORRADOR","Sr. propietario","Instalaciones eléctricas y climatización — Luque, Central","PYG","167232996","Salón multiuso","MATERIAL","Artefacto De Iluminación De Adosar Cabezal Led P/Riel Magnético 2X12W Luz Calida/Neutra/Fria Negro Linpi Minitrak – Zaga","un","8","0","","","","0","0"
"P-2026-002","31/8/2026","BORRADOR","Sr. propietario","Instalaciones eléctricas y climatización — Luque, Central","PYG","167232996","Salón multiuso","MATERIAL","Riel Electr Alum 1Mt Negro Magnético Magslim - Zaga","gl","4","0","","","","0","0"
"P-2026-002","31/8/2026","BORRADOR","Sr. propietario","Instalaciones eléctricas y climatización — Luque, Central","PYG","167232996","Salón multiuso","MATERIAL","Artefacto De Iluminación De Adosar Led 18 W Fria H28 210X210","un","8","0","","","","0","0"
"P-2026-002","31/8/2026","BORRADOR","Sr. propietario","Instalaciones eléctricas y climatización — Luque, Central","PYG","167232996","Salón multiuso","MATERIAL","Bocas De Iluminación Para Artefactos","un","20","85000","","","","0","0"
"P-2026-002","31/8/2026","BORRADOR","Sr. propietario","Instalaciones eléctricas y climatización — Luque, Central","PYG","167232996","Salón multiuso","MATERIAL","Montaje De Artefactos De Iluminación","un","40","55000","","","","0","0"
"P-2026-002","31/8/2026","BORRADOR","Sr. propietario","Instalaciones eléctricas y climatización — Luque, Central","PYG","167232996","Salón multiuso","MATERIAL","— TOMAS —","un","0","0","","","","0","0"
"P-2026-002","31/8/2026","BORRADOR","Sr. propietario","Instalaciones eléctricas y climatización — Luque, Central","PYG","167232996","Salón multiuso","MATERIAL","Boca De Tomas Universal C/ Tierra","un","22","85000","","","","0","0"
"P-2026-002","31/8/2026","BORRADOR","Sr. propietario","Instalaciones eléctricas y climatización — Luque, Central","PYG","167232996","Salón multiuso","MATERIAL","Boca De Tomas Con Tierra Schuko","un","2","85000","","","","0","0"
"P-2026-002","31/8/2026","BORRADOR","Sr. propietario","Instalaciones eléctricas y climatización — Luque, Central","PYG","167232996","Salón multiuso","MATERIAL","Boca De Extractor Monofásico De Cocina","un","1","95000","","","","0","0"
"P-2026-002","31/8/2026","BORRADOR","Sr. propietario","Instalaciones eléctricas y climatización — Luque, Central","PYG","167232996","Salón multiuso","MATERIAL","Boca De Heladera","un","1","110000","","","","0","0"
"P-2026-002","31/8/2026","BORRADOR","Sr. propietario","Instalaciones eléctricas y climatización — Luque, Central","PYG","167232996","Salón multiuso","MATERIAL","Boca De Cocina Eléctrica","un","1","130000","","","","0","0"
"P-2026-002","31/8/2026","BORRADOR","Sr. propietario","Instalaciones eléctricas y climatización — Luque, Central","PYG","167232996","Salón multiuso","MATERIAL","Boca De Microondas","un","1","110000","","","","0","0"
"P-2026-002","31/8/2026","BORRADOR","Sr. propietario","Instalaciones eléctricas y climatización — Luque, Central","PYG","167232996","Salón multiuso","MATERIAL","Boca De Aire Acondicionado Trifásico","un","2","0","","","","0","0"
"P-2026-002","31/8/2026","BORRADOR","Sr. propietario","Instalaciones eléctricas y climatización — Luque, Central","PYG","167232996","Salón multiuso","MATERIAL","Boca De Aire Acondicionado Monofásico","un","1","150000","","","","0","0"
"P-2026-002","31/8/2026","BORRADOR","Sr. propietario","Instalaciones eléctricas y climatización — Luque, Central","PYG","167232996","Salón multiuso","MATERIAL","— SEÑALES —","un","0","0","","","","0","0"
"P-2026-002","31/8/2026","BORRADOR","Sr. propietario","Instalaciones eléctricas y climatización — Luque, Central","PYG","167232996","Salón multiuso","MATERIAL","Provisión De Materiales Y Mano De Obra Para Puntos De Camara Ip Tipo Domo. Provisión De Materiales Y Mano De Obra Para Instalación De Puntos De Red. Cableado Estructurado Cat 6 Con Conectores Rj 45. Certificación De Puntos De Red","un","1","0","","","","0","0"
"P-2026-002","31/8/2026","BORRADOR","Sr. propietario","Instalaciones eléctricas y climatización — Luque, Central","PYG","167232996","Salón multiuso","MATERIAL","— ALIMENTACION A TABLEROS —","un","0","0","","","","0","0"
"P-2026-002","31/8/2026","BORRADOR","Sr. propietario","Instalaciones eléctricas y climatización — Luque, Central","PYG","167232996","Salón multiuso","MATERIAL","Cable Xlpe De 4X6Mm2 + 1X6Tmm2 - Alimentación Ts-Zb-Iluminación Sum Desde Gabinete De Medidores 2","m","56","0","","","","0","0"
"P-2026-002","31/8/2026","BORRADOR","Sr. propietario","Instalaciones eléctricas y climatización — Luque, Central","PYG","167232996","Salón multiuso","MATERIAL","Cable Xlpe De 4X35Mm2 + 1X16Tmm2 - Alimentación Ts-Zb-Sum Aa Y Cocina Desde Gabinete De Medidores 2","m","56","0","","","","0","0"
"P-2026-002","31/8/2026","BORRADOR","Sr. propietario","Instalaciones eléctricas y climatización — Luque, Central","PYG","167232996","Salón multiuso","MATERIAL","Ducteado Por Ml","m","112","0","","","","0","0"
"P-2026-002","31/8/2026","BORRADOR","Sr. propietario","Instalaciones eléctricas y climatización — Luque, Central","PYG","167232996","Salón multiuso","MATERIAL","— TABLEROS —","un","0","0","","","","0","0"
"P-2026-002","31/8/2026","BORRADOR","Sr. propietario","Instalaciones eléctricas y climatización — Luque, Central","PYG","167232996","Salón multiuso","MATERIAL","Interruptor Termomagnético 1X10 A - Marca Abb","un","5","55000","","","","0","0"
"P-2026-002","31/8/2026","BORRADOR","Sr. propietario","Instalaciones eléctricas y climatización — Luque, Central","PYG","167232996","Salón multiuso","MATERIAL","Interruptor Termomagnético 1X16 A - Marca Abb","un","4","55000","","","","0","0"
"P-2026-002","31/8/2026","BORRADOR","Sr. propietario","Instalaciones eléctricas y climatización — Luque, Central","PYG","167232996","Salón multiuso","MATERIAL","Interruptor Termomagnético 1X20 A - Marca Abb","un","6","55000","","","","0","0"
"P-2026-002","31/8/2026","BORRADOR","Sr. propietario","Instalaciones eléctricas y climatización — Luque, Central","PYG","167232996","Salón multiuso","MATERIAL","Interruptor Termomagnético 3X25 A - Marca Abb","un","2","0","","","","0","0"
"P-2026-002","31/8/2026","BORRADOR","Sr. propietario","Instalaciones eléctricas y climatización — Luque, Central","PYG","167232996","Salón multiuso","MATERIAL","Interruptor Termomagnético 3X32 A - Marca Abb","un","2","0","","","","0","0"
"P-2026-002","31/8/2026","BORRADOR","Sr. propietario","Instalaciones eléctricas y climatización — Luque, Central","PYG","167232996","Salón multiuso","MATERIAL","Interruptor Termomagnético 3X63 A - Marca Abb","un","1","0","","","","0","0"
"P-2026-002","31/8/2026","BORRADOR","Sr. propietario","Instalaciones eléctricas y climatización — Luque, Central","PYG","167232996","Salón multiuso","MATERIAL","Interruptor Termomagnético 3X100 A - Marca Abb","un","1","0","","","","0","0"
"P-2026-002","31/8/2026","BORRADOR","Sr. propietario","Instalaciones eléctricas y climatización — Luque, Central","PYG","167232996","Salón multiuso","MATERIAL","— ALIMENTACIONES A CIRCUITOS —","un","0","0","","","","0","0"
"P-2026-002","31/8/2026","BORRADOR","Sr. propietario","Instalaciones eléctricas y climatización — Luque, Central","PYG","167232996","Salón multiuso","MATERIAL","Cable Multifilar 3X2,5Mm² Alimentación Para Iluminación","m","380","0","","","","0","0"
"P-2026-002","31/8/2026","BORRADOR","Sr. propietario","Instalaciones eléctricas y climatización — Luque, Central","PYG","167232996","Salón multiuso","MATERIAL","Cable Multifilar 4X4Mm² + T1X2.5Mm² Alimentación De Tomas","m","40","0","","","","0","0"
"P-2026-002","31/8/2026","BORRADOR","Sr. propietario","Instalaciones eléctricas y climatización — Luque, Central","PYG","167232996","Salón multiuso","MATERIAL","Cable Multifilar 4X6Mm² + T1X2.5Mm² Alimentación De Tomas","m","30","0","","","","0","0"
"P-2026-002","31/8/2026","BORRADOR","Sr. propietario","Instalaciones eléctricas y climatización — Luque, Central","PYG","167232996","Salón multiuso","MATERIAL","— INSTALACIONES TERMICAS Y VENTILACION —","un","0","0","","","","0","0"
"P-2026-002","31/8/2026","BORRADOR","Sr. propietario","Instalaciones eléctricas y climatización — Luque, Central","PYG","167232996","Salón multiuso","MATERIAL","Provisión De Aire Acondicionado De 60.000 Btu/H","un","3","0","","","","0","0"
"P-2026-002","31/8/2026","BORRADOR","Sr. propietario","Instalaciones eléctricas y climatización — Luque, Central","PYG","167232996","Salón multiuso","MATERIAL","Provisión De Aire Acondicionado De 24.000 Btu/H","un","1","0","","","","0","0"
"P-2026-002","31/8/2026","BORRADOR","Sr. propietario","Instalaciones eléctricas y climatización — Luque, Central","PYG","167232996","Salón multiuso","MATERIAL","Conexión De Aire Acondicionado De 60.000 Btu/H Por Ml","m","32","0","","","","0","0"
"P-2026-002","31/8/2026","BORRADOR","Sr. propietario","Instalaciones eléctricas y climatización — Luque, Central","PYG","167232996","Salón multiuso","MATERIAL","Conexión De Aire Acondicionado De 24.000 Btu/H Por Ml","m","18","0","","","","0","0"
"P-2026-002","31/8/2026","BORRADOR","Sr. propietario","Instalaciones eléctricas y climatización — Luque, Central","PYG","167232996","Salón multiuso","MATERIAL","Montaje De Aire Acondicionado De 60.000 Btu/H","un","3","0","","","","0","0"
"P-2026-002","31/8/2026","BORRADOR","Sr. propietario","Instalaciones eléctricas y climatización — Luque, Central","PYG","167232996","Salón multiuso","MATERIAL","Montaje De Aire Acondicionado De 24.000 Btu/H","un","1","0","","","","0","0"
"P-2026-002","31/8/2026","BORRADOR","Sr. propietario","Instalaciones eléctricas y climatización — Luque, Central","PYG","167232996","Gimnasio","MATERIAL","— GIMNASIO —","un","0","0","","","","0","0"
"P-2026-002","31/8/2026","BORRADOR","Sr. propietario","Instalaciones eléctricas y climatización — Luque, Central","PYG","167232996","Gimnasio","MATERIAL","— INSTALACIONES ELECTRICAS —","un","0","0","","","","0","0"
"P-2026-002","31/8/2026","BORRADOR","Sr. propietario","Instalaciones eléctricas y climatización — Luque, Central","PYG","167232996","Gimnasio","MATERIAL","— ILUMINACION —","un","0","0","","","","0","0"
"P-2026-002","31/8/2026","BORRADOR","Sr. propietario","Instalaciones eléctricas y climatización — Luque, Central","PYG","167232996","Gimnasio","MATERIAL","Artefacto De Iluminación De Adosar Led 18 W Fria H28 210X210","un","6","0","","","","0","0"
"P-2026-002","31/8/2026","BORRADOR","Sr. propietario","Instalaciones eléctricas y climatización — Luque, Central","PYG","167232996","Gimnasio","MATERIAL","Artefacto De Iluminación De Adosar Led Circ. Ø210 H28 18W Fria","un","7","0","","","","0","0"
"P-2026-002","31/8/2026","BORRADOR","Sr. propietario","Instalaciones eléctricas y climatización — Luque, Central","PYG","167232996","Gimnasio","MATERIAL","Artefacto De Iluminación De Adosar Led Circ. Ø110 H28 6W Fria","un","10","0","","","","0","0"
"P-2026-002","31/8/2026","BORRADOR","Sr. propietario","Instalaciones eléctricas y climatización — Luque, Central","PYG","167232996","Gimnasio","MATERIAL","Artefacto De Iluminación De Adosar De Pared Led 18 W Fria H28 210X210","un","6","0","","","","0","0"
"P-2026-002","31/8/2026","BORRADOR","Sr. propietario","Instalaciones eléctricas y climatización — Luque, Central","PYG","167232996","Gimnasio","MATERIAL","Bocas De Iluminación Para Artefactos","un","20","85000","","","","0","0"
"P-2026-002","31/8/2026","BORRADOR","Sr. propietario","Instalaciones eléctricas y climatización — Luque, Central","PYG","167232996","Gimnasio","MATERIAL","Montaje De Artefactos De Iluminación","un","29","55000","","","","0","0"
"P-2026-002","31/8/2026","BORRADOR","Sr. propietario","Instalaciones eléctricas y climatización — Luque, Central","PYG","167232996","Gimnasio","MATERIAL","— TOMAS —","un","0","0","","","","0","0"
"P-2026-002","31/8/2026","BORRADOR","Sr. propietario","Instalaciones eléctricas y climatización — Luque, Central","PYG","167232996","Gimnasio","MATERIAL","Boca De Tomas Universal C/ Tierra","un","13","85000","","","","0","0"
"P-2026-002","31/8/2026","BORRADOR","Sr. propietario","Instalaciones eléctricas y climatización — Luque, Central","PYG","167232996","Gimnasio","MATERIAL","Boca De Tomas Con Tierra Embutidas En El Piso","un","4","85000","","","","0","0"
"P-2026-002","31/8/2026","BORRADOR","Sr. propietario","Instalaciones eléctricas y climatización — Luque, Central","PYG","167232996","Gimnasio","MATERIAL","Boca De Aire Acondicionado Monofásico","un","2","150000","","","","0","0"
"P-2026-002","31/8/2026","BORRADOR","Sr. propietario","Instalaciones eléctricas y climatización — Luque, Central","PYG","167232996","Gimnasio","MATERIAL","— SEÑALES —","un","0","0","","","","0","0"
"P-2026-002","31/8/2026","BORRADOR","Sr. propietario","Instalaciones eléctricas y climatización — Luque, Central","PYG","167232996","Gimnasio","MATERIAL","Provisión De Materiales Y Mano De Obra Para Puntos De Camara Ip Tipo Domo. Provisión De Materiales Y Mano De Obra Para Instalación De Puntos De Red. Cableado Estructurado Cat 6 Con Conectores Rj 45, Certificación De Puntos De Red","un","1","0","","","","0","0"
"P-2026-002","31/8/2026","BORRADOR","Sr. propietario","Instalaciones eléctricas y climatización — Luque, Central","PYG","167232996","Gimnasio","MATERIAL","— ALIMENTACION A TABLEROS —","un","0","0","","","","0","0"
"P-2026-002","31/8/2026","BORRADOR","Sr. propietario","Instalaciones eléctricas y climatización — Luque, Central","PYG","167232996","Gimnasio","MATERIAL","Cable Xlpe De 4X35Mm2 + 1X16Tmm2 - Alimentación Ts-Zb-Sum Desde Gabinete De Medidores 2","m","56","0","","","","0","0"
"P-2026-002","31/8/2026","BORRADOR","Sr. propietario","Instalaciones eléctricas y climatización — Luque, Central","PYG","167232996","Gimnasio","MATERIAL","Cable Xlpe De 4X25Mm2 + 1X10Tmm2 - Alimentación Ts-Zb-Sum Desde Gabinete De Medidores 2","m","56","0","","","","0","0"
"P-2026-002","31/8/2026","BORRADOR","Sr. propietario","Instalaciones eléctricas y climatización — Luque, Central","PYG","167232996","Gimnasio","MATERIAL","Ducteado Por Ml","m","112","0","","","","0","0"
"P-2026-002","31/8/2026","BORRADOR","Sr. propietario","Instalaciones eléctricas y climatización — Luque, Central","PYG","167232996","Gimnasio","MATERIAL","— TABLEROS —","un","0","0","","","","0","0"
"P-2026-002","31/8/2026","BORRADOR","Sr. propietario","Instalaciones eléctricas y climatización — Luque, Central","PYG","167232996","Gimnasio","MATERIAL","Interruptor Termomagnético 1X10 A - Marca Abb","un","3","55000","","","","0","0"
"P-2026-002","31/8/2026","BORRADOR","Sr. propietario","Instalaciones eléctricas y climatización — Luque, Central","PYG","167232996","Gimnasio","MATERIAL","Interruptor Termomagnético 1X16 A - Marca Abb","un","7","55000","","","","0","0"
"P-2026-002","31/8/2026","BORRADOR","Sr. propietario","Instalaciones eléctricas y climatización — Luque, Central","PYG","167232996","Gimnasio","MATERIAL","Interruptor Termomagnético 1X20 A - Marca Abb","un","2","55000","","","","0","0"
"P-2026-002","31/8/2026","BORRADOR","Sr. propietario","Instalaciones eléctricas y climatización — Luque, Central","PYG","167232996","Gimnasio","MATERIAL","Interruptor Termomagnético 3X40 A - Marca Abb","un","1","0","","","","0","0"
"P-2026-002","31/8/2026","BORRADOR","Sr. propietario","Instalaciones eléctricas y climatización — Luque, Central","PYG","167232996","Gimnasio","MATERIAL","Interruptor Diferencial 4X40 A - Marca Abb","un","1","0","","","","0","0"
"P-2026-002","31/8/2026","BORRADOR","Sr. propietario","Instalaciones eléctricas y climatización — Luque, Central","PYG","167232996","Gimnasio","MATERIAL","— ALIMENTACIONES A CIRCUITOS —","un","0","0","","","","0","0"
"P-2026-002","31/8/2026","BORRADOR","Sr. propietario","Instalaciones eléctricas y climatización — Luque, Central","PYG","167232996","Gimnasio","MATERIAL","Cable Multifilar 3X2Mm² Alimentación Para Iluminación","m","165","0","","","","0","0"
"P-2026-002","31/8/2026","BORRADOR","Sr. propietario","Instalaciones eléctricas y climatización — Luque, Central","PYG","167232996","Gimnasio","MATERIAL","Cable Multifilar 4X4Mm² + T1X2.5Mm² Alimentación De Tomas","m","40","0","","","","0","0"
"P-2026-002","31/8/2026","BORRADOR","Sr. propietario","Instalaciones eléctricas y climatización — Luque, Central","PYG","167232996","Gimnasio","MATERIAL","— INSTALACIONES TERMICAS Y VENTILACION —","un","0","0","","","","0","0"
"P-2026-002","31/8/2026","BORRADOR","Sr. propietario","Instalaciones eléctricas y climatización — Luque, Central","PYG","167232996","Gimnasio","MATERIAL","Provisión De Aire Acondicionado De 24.000 Btu/H","un","2","0","","","","0","0"
"P-2026-002","31/8/2026","BORRADOR","Sr. propietario","Instalaciones eléctricas y climatización — Luque, Central","PYG","167232996","Gimnasio","MATERIAL","Conexión De Aire Acondicionado De 24.000 Btu/H Por Ml","m","26","0","","","","0","0"
"P-2026-002","31/8/2026","BORRADOR","Sr. propietario","Instalaciones eléctricas y climatización — Luque, Central","PYG","167232996","Gimnasio","MATERIAL","Montaje De Aire Acondicionado De 24.000 Btu/H","un","1","0","","","","0","0"
"P-2026-002","31/8/2026","BORRADOR","Sr. propietario","Instalaciones eléctricas y climatización — Luque, Central","PYG","167232996","Sanitarios","MATERIAL","— SANITARIOS —","un","0","0","","","","0","0"
"P-2026-002","31/8/2026","BORRADOR","Sr. propietario","Instalaciones eléctricas y climatización — Luque, Central","PYG","167232996","Sanitarios","MATERIAL","— INSTALACIONES ELECTRICAS —","un","0","0","","","","0","0"
"P-2026-002","31/8/2026","BORRADOR","Sr. propietario","Instalaciones eléctricas y climatización — Luque, Central","PYG","167232996","Sanitarios","MATERIAL","— ILUMINACIÓN —","un","0","0","","","","0","0"
"P-2026-002","31/8/2026","BORRADOR","Sr. propietario","Instalaciones eléctricas y climatización — Luque, Central","PYG","167232996","Sanitarios","MATERIAL","Artefacto De Iluminación De Adosar Led Circ. Ø160 H28 12W Fria","un","12","0","","","","0","0"
"P-2026-002","31/8/2026","BORRADOR","Sr. propietario","Instalaciones eléctricas y climatización — Luque, Central","PYG","167232996","Sanitarios","MATERIAL","Artefacto De Iluminación De Adosar Led Circ. Ø110 H28 6W Fria","un","11","0","","","","0","0"
"P-2026-002","31/8/2026","BORRADOR","Sr. propietario","Instalaciones eléctricas y climatización — Luque, Central","PYG","167232996","Sanitarios","MATERIAL","Artefacto De Iluminación Proyector Led 12 W","un","8","0","","","","0","0"
"P-2026-002","31/8/2026","BORRADOR","Sr. propietario","Instalaciones eléctricas y climatización — Luque, Central","PYG","167232996","Sanitarios","MATERIAL","Bocas De Iluminación Para Artefactos","un","20","85000","","","","0","0"
"P-2026-002","31/8/2026","BORRADOR","Sr. propietario","Instalaciones eléctricas y climatización — Luque, Central","PYG","167232996","Sanitarios","MATERIAL","Montaje De Artefactos De Iluminación","un","31","55000","","","","0","0"
"P-2026-002","31/8/2026","BORRADOR","Sr. propietario","Instalaciones eléctricas y climatización — Luque, Central","PYG","167232996","Sanitarios","MATERIAL","— TOMAS —","un","0","0","","","","0","0"
"P-2026-002","31/8/2026","BORRADOR","Sr. propietario","Instalaciones eléctricas y climatización — Luque, Central","PYG","167232996","Sanitarios","MATERIAL","Boca De Tomas Universal C/ Tierra","un","7","85000","","","","0","0"
"P-2026-002","31/8/2026","BORRADOR","Sr. propietario","Instalaciones eléctricas y climatización — Luque, Central","PYG","167232996","Sanitarios","MATERIAL","Boca De Termocalefón","un","0","150000","","","","0","0"
"P-2026-002","31/8/2026","BORRADOR","Sr. propietario","Instalaciones eléctricas y climatización — Luque, Central","PYG","167232996","Sanitarios","MATERIAL","Boca de ducha eléctrica","un","4","0","","","","0","0"
"P-2026-002","31/8/2026","BORRADOR","Sr. propietario","Instalaciones eléctricas y climatización — Luque, Central","PYG","167232996","Sanitarios","MATERIAL","— SEÑALES —","un","0","0","","","","0","0"
"P-2026-002","31/8/2026","BORRADOR","Sr. propietario","Instalaciones eléctricas y climatización — Luque, Central","PYG","167232996","Sanitarios","MATERIAL","Provisión De Materiales Y Mano De Obra Para Puntos De Camara Ip Tipo Domo","un","1","0","","","","0","0"
"P-2026-002","31/8/2026","BORRADOR","Sr. propietario","Instalaciones eléctricas y climatización — Luque, Central","PYG","167232996","Sanitarios","MATERIAL","— ALIMENTACIÓN A TABLEROS —","un","0","0","","","","0","0"
"P-2026-002","31/8/2026","BORRADOR","Sr. propietario","Instalaciones eléctricas y climatización — Luque, Central","PYG","167232996","Sanitarios","MATERIAL","Cable Xlpe De 4X25Mm2 + 1X10Tmm2 - Alimentación Ts-Zb-Sala De Maquinas Desde Gabinete De Medidores 2","m","52","0","","","","0","0"
"P-2026-002","31/8/2026","BORRADOR","Sr. propietario","Instalaciones eléctricas y climatización — Luque, Central","PYG","167232996","Sanitarios","MATERIAL","Electroductos Y Accesorios Ml","m","52","0","","","","0","0"
"P-2026-002","31/8/2026","BORRADOR","Sr. propietario","Instalaciones eléctricas y climatización — Luque, Central","PYG","167232996","Sanitarios","MATERIAL","— TABLEROS —","un","0","0","","","","0","0"
"P-2026-002","31/8/2026","BORRADOR","Sr. propietario","Instalaciones eléctricas y climatización — Luque, Central","PYG","167232996","Sanitarios","MATERIAL","Interruptor Termomagnético 1X10 A - Marca Abb","un","4","55000","","","","0","0"
"P-2026-002","31/8/2026","BORRADOR","Sr. propietario","Instalaciones eléctricas y climatización — Luque, Central","PYG","167232996","Sanitarios","MATERIAL","Interruptor Termomagnético 1X16 A - Marca Abb","un","7","55000","","","","0","0"
"P-2026-002","31/8/2026","BORRADOR","Sr. propietario","Instalaciones eléctricas y climatización — Luque, Central","PYG","167232996","Sanitarios","MATERIAL","Interruptor Termomagnético 1X20 A - Marca Abb","un","3","55000","","","","0","0"
"P-2026-002","31/8/2026","BORRADOR","Sr. propietario","Instalaciones eléctricas y climatización — Luque, Central","PYG","167232996","Sanitarios","MATERIAL","Interruptor Termomagnético 3X40 A - Marca Abb","un","1","0","","","","0","0"
"P-2026-002","31/8/2026","BORRADOR","Sr. propietario","Instalaciones eléctricas y climatización — Luque, Central","PYG","167232996","Sanitarios","MATERIAL","Interruptor Diferencial 4X40 A - Marca Abb","un","1","0","","","","0","0"
"P-2026-002","31/8/2026","BORRADOR","Sr. propietario","Instalaciones eléctricas y climatización — Luque, Central","PYG","167232996","Sanitarios","MATERIAL","— ALIMENTACIÓN DE CIRCUITOS —","un","0","0","","","","0","0"
"P-2026-002","31/8/2026","BORRADOR","Sr. propietario","Instalaciones eléctricas y climatización — Luque, Central","PYG","167232996","Sanitarios","MATERIAL","Cable Multifilar 3X2,5Mm² Alimentación Para Iluminación","m","460","0","","","","0","0"
"P-2026-002","31/8/2026","BORRADOR","Sr. propietario","Instalaciones eléctricas y climatización — Luque, Central","PYG","167232996","Sanitarios","MATERIAL","Cable Multifilar 4X4Mm² + T1X2.5Mm² Alimentación De Tomas","m","92","0","","","","0","0"
"P-2026-002","31/8/2026","BORRADOR","Sr. propietario","Instalaciones eléctricas y climatización — Luque, Central","PYG","167232996","Sanitarios","MATERIAL","Cable Multifilar 4X6Mm² + T1X2.5Mm² Alimentación De Tomas","m","30","0","","","","0","0"
"P-2026-002","31/8/2026","BORRADOR","Sr. propietario","Instalaciones eléctricas y climatización — Luque, Central","PYG","167232996","Caseta de guardia","MATERIAL","— CASETA DE GUARDIA —","un","0","0","","","","0","0"
"P-2026-002","31/8/2026","BORRADOR","Sr. propietario","Instalaciones eléctricas y climatización — Luque, Central","PYG","167232996","Caseta de guardia","MATERIAL","— INSTALACIONES ELECTRICAS —","un","0","0","","","","0","0"
"P-2026-002","31/8/2026","BORRADOR","Sr. propietario","Instalaciones eléctricas y climatización — Luque, Central","PYG","167232996","Caseta de guardia","MATERIAL","— ILUMINACIÓN —","un","0","0","","","","0","0"
"P-2026-002","31/8/2026","BORRADOR","Sr. propietario","Instalaciones eléctricas y climatización — Luque, Central","PYG","167232996","Caseta de guardia","MATERIAL","Artefacto De Iluminación De Adosar Led Circ. Ø210 H28 18W Fria","un","3","0","","","","0","0"
"P-2026-002","31/8/2026","BORRADOR","Sr. propietario","Instalaciones eléctricas y climatización — Luque, Central","PYG","167232996","Caseta de guardia","MATERIAL","Artefacto De Iluminación De Adosar Led Circ. Ø110 H28 6W Fria","un","6","0","","","","0","0"
"P-2026-002","31/8/2026","BORRADOR","Sr. propietario","Instalaciones eléctricas y climatización — Luque, Central","PYG","167232996","Caseta de guardia","MATERIAL","Artefacto De Iluminación Proyector Led 12 W","un","3","0","","","","0","0"
"P-2026-002","31/8/2026","BORRADOR","Sr. propietario","Instalaciones eléctricas y climatización — Luque, Central","PYG","167232996","Caseta de guardia","MATERIAL","Artefacto De Iluminación De Adosar De Pared Led 18 W Fria H28 210X210","un","6","0","","","","0","0"
"P-2026-002","31/8/2026","BORRADOR","Sr. propietario","Instalaciones eléctricas y climatización — Luque, Central","PYG","167232996","Caseta de guardia","MATERIAL","Bocas De Iluminación Para Artefactos","un","14","85000","","","","0","0"
"P-2026-002","31/8/2026","BORRADOR","Sr. propietario","Instalaciones eléctricas y climatización — Luque, Central","PYG","167232996","Caseta de guardia","MATERIAL","Montaje De Artefactos De Iluminación","un","18","55000","","","","0","0"
"P-2026-002","31/8/2026","BORRADOR","Sr. propietario","Instalaciones eléctricas y climatización — Luque, Central","PYG","167232996","Caseta de guardia","MATERIAL","Alumbrado Led Marca Vcp Con Brazo Para Alumbrado De 100W","un","55","0","","","","0","0"
"P-2026-002","31/8/2026","BORRADOR","Sr. propietario","Instalaciones eléctricas y climatización — Luque, Central","PYG","167232996","Caseta de guardia","MATERIAL","Montaje De Poste H°A°","un","55","0","","","","0","0"
"P-2026-002","31/8/2026","BORRADOR","Sr. propietario","Instalaciones eléctricas y climatización — Luque, Central","PYG","167232996","Caseta de guardia","MATERIAL","Boca De Tomas Universal C/ Tierra","un","11","85000","","","","0","0"
"P-2026-002","31/8/2026","BORRADOR","Sr. propietario","Instalaciones eléctricas y climatización — Luque, Central","PYG","167232996","Caseta de guardia","MATERIAL","Boca De Motor De Portón","un","1","0","","","","0","0"
"P-2026-002","31/8/2026","BORRADOR","Sr. propietario","Instalaciones eléctricas y climatización — Luque, Central","PYG","167232996","Caseta de guardia","MATERIAL","Boca Para Aire Acondicionado Monofásico","un","1","150000","","","","0","0"
"P-2026-002","31/8/2026","BORRADOR","Sr. propietario","Instalaciones eléctricas y climatización — Luque, Central","PYG","167232996","Caseta de guardia","MATERIAL","— SEÑALES DÉBILES —","un","0","0","","","","0","0"
"P-2026-002","31/8/2026","BORRADOR","Sr. propietario","Instalaciones eléctricas y climatización — Luque, Central","PYG","167232996","Caseta de guardia","MATERIAL","Provisión De Materiales Y Mano De Obra Para Puntos De Camara Ip Tipo Domo . Incluyendo Cableado Estructurado Cat 6 Con Conectores Rj 45. Certificación De Puntos De Red. Provisión E Instalación De Rack Mural. Provisión E Instalación De Dvr, Ups, Patch Panel. Mano De Obra Para Montaje Y Pruebas","un","1","0","","","","0","0"
"P-2026-002","31/8/2026","BORRADOR","Sr. propietario","Instalaciones eléctricas y climatización — Luque, Central","PYG","167232996","Caseta de guardia","MATERIAL","— ALIMENTACIÓN A TABLEROS —","un","0","0","","","","0","0"
"P-2026-002","31/8/2026","BORRADOR","Sr. propietario","Instalaciones eléctricas y climatización — Luque, Central","PYG","167232996","Caseta de guardia","MATERIAL","Cable Xlpe De 4X6Mm2 + 1X2,5Tmm2 - Alimentación Ts-Za-Acceso 1 Desde Gabinete De Medidores 2","m","12","0","","","","0","0"
"P-2026-002","31/8/2026","BORRADOR","Sr. propietario","Instalaciones eléctricas y climatización — Luque, Central","PYG","167232996","Caseta de guardia","MATERIAL","Electroductos Y Accesorios Ml","m","12","0","","","","0","0"
"P-2026-002","31/8/2026","BORRADOR","Sr. propietario","Instalaciones eléctricas y climatización — Luque, Central","PYG","167232996","Caseta de guardia","MATERIAL","— TABLEROS —","un","0","0","","","","0","0"
"P-2026-002","31/8/2026","BORRADOR","Sr. propietario","Instalaciones eléctricas y climatización — Luque, Central","PYG","167232996","Caseta de guardia","MATERIAL","Interruptor Termomagnético 1X10 A - Marca Abb","un","3","55000","","","","0","0"
"P-2026-002","31/8/2026","BORRADOR","Sr. propietario","Instalaciones eléctricas y climatización — Luque, Central","PYG","167232996","Caseta de guardia","MATERIAL","Interruptor Termomagnético 1X16 A - Marca Abb","un","7","55000","","","","0","0"
"P-2026-002","31/8/2026","BORRADOR","Sr. propietario","Instalaciones eléctricas y climatización — Luque, Central","PYG","167232996","Caseta de guardia","MATERIAL","Interruptor Termomagnético 1X20 A - Marca Abb","un","1","55000","","","","0","0"
"P-2026-002","31/8/2026","BORRADOR","Sr. propietario","Instalaciones eléctricas y climatización — Luque, Central","PYG","167232996","Caseta de guardia","MATERIAL","Interruptor Termomagnético 3X25 A - Marca Abb","un","1","0","","","","0","0"
"P-2026-002","31/8/2026","BORRADOR","Sr. propietario","Instalaciones eléctricas y climatización — Luque, Central","PYG","167232996","Caseta de guardia","MATERIAL","Interruptor Diferencial 4X25 A - Marca Abb","un","1","0","","","","0","0"
"P-2026-002","31/8/2026","BORRADOR","Sr. propietario","Instalaciones eléctricas y climatización — Luque, Central","PYG","167232996","Caseta de guardia","MATERIAL","— ALIMENTACIÓN DE CIRCUITOS —","un","0","0","","","","0","0"
"P-2026-002","31/8/2026","BORRADOR","Sr. propietario","Instalaciones eléctricas y climatización — Luque, Central","PYG","167232996","Caseta de guardia","MATERIAL","Cable Multifilar 3X2Mm² Alimentación Para Iluminación","m","70","0","","","","0","0"
"P-2026-002","31/8/2026","BORRADOR","Sr. propietario","Instalaciones eléctricas y climatización — Luque, Central","PYG","167232996","Caseta de guardia","MATERIAL","Cable Multifilar 4X4Mm² + T1X2.5Mm² Alimentación De Tomas Y Ap","m","2570","0","","","","0","0"
"P-2026-002","31/8/2026","BORRADOR","Sr. propietario","Instalaciones eléctricas y climatización — Luque, Central","PYG","167232996","Caseta de guardia","MATERIAL","— INSTALACIONES TÉRMICAS Y VENTILACIÓN —","un","0","0","","","","0","0"
"P-2026-002","31/8/2026","BORRADOR","Sr. propietario","Instalaciones eléctricas y climatización — Luque, Central","PYG","167232996","Caseta de guardia","MATERIAL","Provisión De Aire Acondicionado De 18.000 Btu/H","un","1","4350000","","","","0","0"
"P-2026-002","31/8/2026","BORRADOR","Sr. propietario","Instalaciones eléctricas y climatización — Luque, Central","PYG","167232996","Caseta de guardia","MATERIAL","Conexión De Aire Acondicionado De 18.000 Btu/H Por Ml","m","10","145000","","","","0","0"
"P-2026-002","31/8/2026","BORRADOR","Sr. propietario","Instalaciones eléctricas y climatización — Luque, Central","PYG","167232996","Caseta de guardia","MATERIAL","Montaje De Aire Acondicionado De 18.000 Btu/H","un","1","550000","","","","0","0"
"P-2026-002","31/8/2026","BORRADOR","Sr. propietario","Instalaciones eléctricas y climatización — Luque, Central","PYG","167232996","Infraestructura — media tensión hasta acometida","MATERIAL","— INFRAESTRUCTURA —","un","0","0","","","","0","0"
"P-2026-002","31/8/2026","BORRADOR","Sr. propietario","Instalaciones eléctricas y climatización — Luque, Central","PYG","167232996","Infraestructura — media tensión hasta acometida","MATERIAL","— INSTALACION ELECTRICA - MEDIA TENSION HASTA ACOMETIDA —","un","0","0","","","","0","0"
"P-2026-002","31/8/2026","BORRADOR","Sr. propietario","Instalaciones eléctricas y climatización — Luque, Central","PYG","167232996","Infraestructura — media tensión hasta acometida","MATERIAL","— MT - ACOMETIDA 1 —","un","0","0","","","","0","0"
"P-2026-002","31/8/2026","BORRADOR","Sr. propietario","Instalaciones eléctricas y climatización — Luque, Central","PYG","167232996","Infraestructura — media tensión hasta acometida","MATERIAL","— PUESTOS DE ENTREGA TIPO ANDE (CONSULTA ANDE) —","un","0","0","","","","0","0"
"P-2026-002","31/8/2026","BORRADOR","Sr. propietario","Instalaciones eléctricas y climatización — Luque, Central","PYG","167232996","Infraestructura — media tensión hasta acometida","MATERIAL","Poste De H°A° 12/300 Tipo Ande","un","0","0","","","","0","0"
"P-2026-002","31/8/2026","BORRADOR","Sr. propietario","Instalaciones eléctricas y climatización — Luque, Central","PYG","167232996","Infraestructura — media tensión hasta acometida","MATERIAL","Poste De H°A° 12/500 Tipo Ande","un","15","0","","","","0","0"
"P-2026-002","31/8/2026","BORRADOR","Sr. propietario","Instalaciones eléctricas y climatización — Luque, Central","PYG","167232996","Infraestructura — media tensión hasta acometida","MATERIAL","Poste De H°A° 12/800 Tipo Ande","un","3","0","","","","0","0"
"P-2026-002","31/8/2026","BORRADOR","Sr. propietario","Instalaciones eléctricas y climatización — Luque, Central","PYG","167232996","Infraestructura — media tensión hasta acometida","MATERIAL","Aislador Triple Campana","un","63","0","","","","0","0"
"P-2026-002","31/8/2026","BORRADOR","Sr. propietario","Instalaciones eléctricas y climatización — Luque, Central","PYG","167232996","Infraestructura — media tensión hasta acometida","MATERIAL","Perno Recto 3/4X11""","un","63","0","","","","0","0"
"P-2026-002","31/8/2026","BORRADOR","Sr. propietario","Instalaciones eléctricas y climatización — Luque, Central","PYG","167232996","Infraestructura — media tensión hasta acometida","MATERIAL","Cruceta Polimérica","un","21","0","","","","0","0"
"P-2026-002","31/8/2026","BORRADOR","Sr. propietario","Instalaciones eléctricas y climatización — Luque, Central","PYG","167232996","Infraestructura — media tensión hasta acometida","MATERIAL","Cable Pre-Ensamblado 3X70Mm2+1X50Mm2 Xlpe","m","560","0","","","","0","0"
"P-2026-002","31/8/2026","BORRADOR","Sr. propietario","Instalaciones eléctricas y climatización — Luque, Central","PYG","167232996","Infraestructura — media tensión hasta acometida","MATERIAL","Mano Francesa","un","42","0","","","","0","0"
"P-2026-002","31/8/2026","BORRADOR","Sr. propietario","Instalaciones eléctricas y climatización — Luque, Central","PYG","167232996","Infraestructura — media tensión hasta acometida","MATERIAL","Excavación De Zanjas Y Protección Mecánica","gl","1","0","","","","0","0"
"P-2026-002","31/8/2026","BORRADOR","Sr. propietario","Instalaciones eléctricas y climatización — Luque, Central","PYG","167232996","Infraestructura — media tensión hasta acometida","MATERIAL","Caño Pead De 4""","m","90","0","","","","0","0"
"P-2026-002","31/8/2026","BORRADOR","Sr. propietario","Instalaciones eléctricas y climatización — Luque, Central","PYG","167232996","Infraestructura — media tensión hasta acometida","MATERIAL","Soporterias","gl","1","0","","","","0","0"
"P-2026-002","31/8/2026","BORRADOR","Sr. propietario","Instalaciones eléctricas y climatización — Luque, Central","PYG","167232996","Infraestructura — media tensión hasta acometida","MATERIAL","Registros De H°A° 50X50","un","99","0","","","","0","0"
"P-2026-002","31/8/2026","BORRADOR","Sr. propietario","Instalaciones eléctricas y climatización — Luque, Central","PYG","167232996","Infraestructura — media tensión hasta acometida","MATERIAL","Registros De H°A° 60X60","un","17","0","","","","0","0"
"P-2026-002","31/8/2026","BORRADOR","Sr. propietario","Instalaciones eléctricas y climatización — Luque, Central","PYG","167232996","Infraestructura — media tensión hasta acometida","MATERIAL","— PUESTO DE DISTRIBUCION TIPO ANDE (CONSULTA ANDE) —","un","0","0","","","","0","0"
"P-2026-002","31/8/2026","BORRADOR","Sr. propietario","Instalaciones eléctricas y climatización — Luque, Central","PYG","167232996","Infraestructura — media tensión hasta acometida","MATERIAL","Seccionador Fusible Trifásico Mt","un","48","0","","","","0","0"
"P-2026-002","31/8/2026","BORRADOR","Sr. propietario","Instalaciones eléctricas y climatización — Luque, Central","PYG","167232996","Infraestructura — media tensión hasta acometida","MATERIAL","Seccionador Bajo Carga Trifásico Mt","un","3","0","","","","0","0"
"P-2026-002","31/8/2026","BORRADOR","Sr. propietario","Instalaciones eléctricas y climatización — Luque, Central","PYG","167232996","Infraestructura — media tensión hasta acometida","MATERIAL","Fusible 25 Amp","un","96","0","","","","0","0"
"P-2026-002","31/8/2026","BORRADOR","Sr. propietario","Instalaciones eléctricas y climatización — Luque, Central","PYG","167232996","Infraestructura — media tensión hasta acometida","MATERIAL","Barra De Cobre 30X5Mm","m","80","0","","","","0","0"
"P-2026-002","31/8/2026","BORRADOR","Sr. propietario","Instalaciones eléctricas y climatización — Luque, Central","PYG","167232996","Infraestructura — media tensión hasta acometida","MATERIAL","Nicho Para Base De Tableros De Distribución 1000X600X350 (H)","un","16","0","","","","0","0"
"P-2026-002","31/8/2026","BORRADOR","Sr. propietario","Instalaciones eléctricas y climatización — Luque, Central","PYG","167232996","Infraestructura — media tensión hasta acometida","MATERIAL","Soportes, Aisladores, Herrajes","gl","1","0","","","","0","0"
"P-2026-002","31/8/2026","BORRADOR","Sr. propietario","Instalaciones eléctricas y climatización — Luque, Central","PYG","167232996","Infraestructura — media tensión hasta acometida","MATERIAL","Cable Preensamblado 3 X 120 Mm2 + 1X70 Mm2 Xlpe","un","420","0","","","","0","0"
"P-2026-002","31/8/2026","BORRADOR","Sr. propietario","Instalaciones eléctricas y climatización — Luque, Central","PYG","167232996","Infraestructura — media tensión hasta acometida","MATERIAL","Cable Nyy Subt. 1X150,00Mm2","un","270","0","","","","0","0"
"P-2026-002","31/8/2026","BORRADOR","Sr. propietario","Instalaciones eléctricas y climatización — Luque, Central","PYG","167232996","Infraestructura — media tensión hasta acometida","MATERIAL","Caño Pead De 4""","m","2030","0","","","","0","0"
"P-2026-002","31/8/2026","BORRADOR","Sr. propietario","Instalaciones eléctricas y climatización — Luque, Central","PYG","167232996","Infraestructura — media tensión hasta acometida","MATERIAL","Descargador De Sobretensión 1P 45Ka 275V Sist. Din Ez9 Schneider","un","32","0","","","","0","0"
"P-2026-002","31/8/2026","BORRADOR","Sr. propietario","Instalaciones eléctricas y climatización — Luque, Central","PYG","167232996","Infraestructura — media tensión hasta acometida","MATERIAL","Celda De Distribución","un","1","0","","","","0","0"
"P-2026-002","31/8/2026","BORRADOR","Sr. propietario","Instalaciones eléctricas y climatización — Luque, Central","PYG","167232996","Infraestructura — media tensión hasta acometida","MATERIAL","— TRANSFORMADOR TIPO ANDE CONVENCIONAL, TIPO PEDESTAL —","un","0","0","","","","0","0"
"P-2026-002","31/8/2026","BORRADOR","Sr. propietario","Instalaciones eléctricas y climatización — Luque, Central","PYG","167232996","Infraestructura — media tensión hasta acometida","MATERIAL","Transformador 100 Kva Tipo Ande","un","15","0","","","","0","0"
"P-2026-002","31/8/2026","BORRADOR","Sr. propietario","Instalaciones eléctricas y climatización — Luque, Central","PYG","167232996","Infraestructura — media tensión hasta acometida","MATERIAL","Transformador 150 Kva Tipo Ande","un","1","0","","","","0","0"
"P-2026-002","31/8/2026","BORRADOR","Sr. propietario","Instalaciones eléctricas y climatización — Luque, Central","PYG","167232996","Infraestructura — media tensión hasta acometida","MATERIAL","— ALIMENTACIÓN A TABLEROS DE LLEGADAS A CADA MEDIDOR —","un","0","0","","","","0","0"
"P-2026-002","31/8/2026","BORRADOR","Sr. propietario","Instalaciones eléctricas y climatización — Luque, Central","PYG","167232996","Infraestructura — media tensión hasta acometida","MATERIAL","Cable Nyy Subt. Nexans 4 X 25 Mm2 Xlpe - Alimentación Tableros De Llegada En Acometidas Desde Puntos De Entrega","m","2030","0","","","","0","0"
"P-2026-002","31/8/2026","BORRADOR","Sr. propietario","Instalaciones eléctricas y climatización — Luque, Central","PYG","167232996","Infraestructura — media tensión hasta acometida","MATERIAL","Ducteado Por Ml","m","2030","0","","","","0","0"
"P-2026-002","31/8/2026","BORRADOR","Sr. propietario","Instalaciones eléctricas y climatización — Luque, Central","PYG","167232996","Infraestructura — media tensión hasta acometida","MATERIAL","Excavación De Zanjas + Protección Mecánica","gl","1","0","","","","0","0"
"P-2026-002","31/8/2026","BORRADOR","Sr. propietario","Instalaciones eléctricas y climatización — Luque, Central","PYG","167232996","Infraestructura — media tensión hasta acometida","MATERIAL","— TABLEROS BT AUX Y TABLERO DE AT 1 —","un","0","0","","","","0","0"
"P-2026-002","31/8/2026","BORRADOR","Sr. propietario","Instalaciones eléctricas y climatización — Luque, Central","PYG","167232996","Infraestructura — media tensión hasta acometida","MATERIAL","Gabinete Metálico Compacto Para Distribución En Bt Medidas 1000X1550X600 Marca Cominsa O Similar","un","65","0","","","","0","0"
"P-2026-002","31/8/2026","BORRADOR","Sr. propietario","Instalaciones eléctricas y climatización — Luque, Central","PYG","167232996","Infraestructura — media tensión hasta acometida","MATERIAL","Nicho Para Tableros De Medidores","un","65","0","","","","0","0"
"P-2026-002","31/8/2026","BORRADOR","Sr. propietario","Instalaciones eléctricas y climatización — Luque, Central","PYG","167232996","Infraestructura — media tensión hasta acometida","MATERIAL","Disyuntor Termo Magnético 3X25 A Marca Abb","un","195","0","","","","0","0"
"P-2026-002","31/8/2026","BORRADOR","Sr. propietario","Instalaciones eléctricas y climatización — Luque, Central","PYG","167232996","Infraestructura — media tensión hasta acometida","MATERIAL","Disyuntor Termo Magnético 3X50 A Marca Abb","un","65","0","","","","0","0"
"P-2026-002","31/8/2026","BORRADOR","Sr. propietario","Instalaciones eléctricas y climatización — Luque, Central","PYG","167232996","Infraestructura — media tensión hasta acometida","MATERIAL","Disyuntor Termo Magnético 3X63 A Marca Abb","un","0","0","","","","0","0"
"P-2026-002","31/8/2026","BORRADOR","Sr. propietario","Instalaciones eléctricas y climatización — Luque, Central","PYG","167232996","Infraestructura — media tensión hasta acometida","MATERIAL","Disyuntor Termo Magnético 3X80 A Marca Abb","un","0","0","","","","0","0"
"P-2026-002","31/8/2026","BORRADOR","Sr. propietario","Instalaciones eléctricas y climatización — Luque, Central","PYG","167232996","Infraestructura — media tensión hasta acometida","MATERIAL","Disyuntor Termo Magnético 3X100 A Marca Abb","un","0","0","","","","0","0"
"P-2026-002","31/8/2026","BORRADOR","Sr. propietario","Instalaciones eléctricas y climatización — Luque, Central","PYG","167232996","Infraestructura — media tensión hasta acometida","MATERIAL","Descargador De Sobretensión 1P 45Ka 275V Sist. Din Ez9 Schneider","un","65","0","","","","0","0"
"P-2026-002","31/8/2026","BORRADOR","Sr. propietario","Instalaciones eléctricas y climatización — Luque, Central","PYG","167232996","Infraestructura — media tensión hasta acometida","MATERIAL","— MT - AREA TECNICA 2 —","un","0","0","","","","0","0"
"P-2026-002","31/8/2026","BORRADOR","Sr. propietario","Instalaciones eléctricas y climatización — Luque, Central","PYG","167232996","Infraestructura — media tensión hasta acometida","MATERIAL","— PUESTOS DE ENTREGA TIPO ANDE (DEPENDE DEL PROYECTO DE ANDE) —","un","0","0","","","","0","0"
"P-2026-002","31/8/2026","BORRADOR","Sr. propietario","Instalaciones eléctricas y climatización — Luque, Central","PYG","167232996","Infraestructura — media tensión hasta acometida","MATERIAL","Poste De H°A° 12/300 Tipo Ande","un","37","0","","","","0","0"
"P-2026-002","31/8/2026","BORRADOR","Sr. propietario","Instalaciones eléctricas y climatización — Luque, Central","PYG","167232996","Infraestructura — media tensión hasta acometida","MATERIAL","Poste De H°A° 12/500 Tipo Ande","un","12","0","","","","0","0"
"P-2026-002","31/8/2026","BORRADOR","Sr. propietario","Instalaciones eléctricas y climatización — Luque, Central","PYG","167232996","Infraestructura — media tensión hasta acometida","MATERIAL","Poste De H°A° 12/800 Tipo Ande","un","1","0","","","","0","0"
"P-2026-002","31/8/2026","BORRADOR","Sr. propietario","Instalaciones eléctricas y climatización — Luque, Central","PYG","167232996","Infraestructura — media tensión hasta acometida","MATERIAL","Aislador Triple Campana","un","150","0","","","","0","0"
"P-2026-002","31/8/2026","BORRADOR","Sr. propietario","Instalaciones eléctricas y climatización — Luque, Central","PYG","167232996","Infraestructura — media tensión hasta acometida","MATERIAL","Perno Recto 3/4X11""","un","150","0","","","","0","0"
"P-2026-002","31/8/2026","BORRADOR","Sr. propietario","Instalaciones eléctricas y climatización — Luque, Central","PYG","167232996","Infraestructura — media tensión hasta acometida","MATERIAL","Cruceta Polimérica","un","150","0","","","","0","0"
"P-2026-002","31/8/2026","BORRADOR","Sr. propietario","Instalaciones eléctricas y climatización — Luque, Central","PYG","167232996","Infraestructura — media tensión hasta acometida","MATERIAL","Cable Pre-Ensamblado 3X70Mm2+1X50Mm2 Xlpe","m","540","0","","","","0","0"
"P-2026-002","31/8/2026","BORRADOR","Sr. propietario","Instalaciones eléctricas y climatización — Luque, Central","PYG","167232996","Infraestructura — media tensión hasta acometida","MATERIAL","Mano Francesa","un","30","0","","","","0","0"
"P-2026-002","31/8/2026","BORRADOR","Sr. propietario","Instalaciones eléctricas y climatización — Luque, Central","PYG","167232996","Infraestructura — media tensión hasta acometida","MATERIAL","Excavación De Zanjas Y Protección Mecánica","gl","1","0","","","","0","0"
"P-2026-002","31/8/2026","BORRADOR","Sr. propietario","Instalaciones eléctricas y climatización — Luque, Central","PYG","167232996","Infraestructura — media tensión hasta acometida","MATERIAL","Caño Pead De 4""","m","340","0","","","","0","0"
"P-2026-002","31/8/2026","BORRADOR","Sr. propietario","Instalaciones eléctricas y climatización — Luque, Central","PYG","167232996","Infraestructura — media tensión hasta acometida","MATERIAL","Registros De H°A° 50X50","un","9","0","","","","0","0"
"P-2026-002","31/8/2026","BORRADOR","Sr. propietario","Instalaciones eléctricas y climatización — Luque, Central","PYG","167232996","Infraestructura — media tensión hasta acometida","MATERIAL","Registros De H°A° 60X60","un","9","0","","","","0","0"
"P-2026-002","31/8/2026","BORRADOR","Sr. propietario","Instalaciones eléctricas y climatización — Luque, Central","PYG","167232996","Infraestructura — media tensión hasta acometida","MATERIAL","— PUESTO DE DISTRIBUCION TIPO ANDE (DEPENDE DEL PROYECTO DE ANDE) —","un","0","0","","","","0","0"
"P-2026-002","31/8/2026","BORRADOR","Sr. propietario","Instalaciones eléctricas y climatización — Luque, Central","PYG","167232996","Infraestructura — media tensión hasta acometida","MATERIAL","Seccionador Fusible Trifásico Mt","un","27","0","","","","0","0"
"P-2026-002","31/8/2026","BORRADOR","Sr. propietario","Instalaciones eléctricas y climatización — Luque, Central","PYG","167232996","Infraestructura — media tensión hasta acometida","MATERIAL","Seccionador Bajo Carga Trifásico Mt","un","3","0","","","","0","0"
"P-2026-002","31/8/2026","BORRADOR","Sr. propietario","Instalaciones eléctricas y climatización — Luque, Central","PYG","167232996","Infraestructura — media tensión hasta acometida","MATERIAL","Fusible 25 Amp","un","54","0","","","","0","0"
"P-2026-002","31/8/2026","BORRADOR","Sr. propietario","Instalaciones eléctricas y climatización — Luque, Central","PYG","167232996","Infraestructura — media tensión hasta acometida","MATERIAL","Barra De Cobre 30X5Mm","m","45","0","","","","0","0"
"P-2026-002","31/8/2026","BORRADOR","Sr. propietario","Instalaciones eléctricas y climatización — Luque, Central","PYG","167232996","Infraestructura — media tensión hasta acometida","MATERIAL","Nicho Para Base De Tableros De Distribución 1000X600X350 (H)","un","9","0","","","","0","0"
"P-2026-002","31/8/2026","BORRADOR","Sr. propietario","Instalaciones eléctricas y climatización — Luque, Central","PYG","167232996","Infraestructura — media tensión hasta acometida","MATERIAL","Soportes, Aisladores, Herrajes","gl","1","0","","","","0","0"
"P-2026-002","31/8/2026","BORRADOR","Sr. propietario","Instalaciones eléctricas y climatización — Luque, Central","PYG","167232996","Infraestructura — media tensión hasta acometida","MATERIAL","Cable Preensamblado 3 X 120 Mm2 + 1X70 Mm2 Xlpe","m","520","0","","","","0","0"
"P-2026-002","31/8/2026","BORRADOR","Sr. propietario","Instalaciones eléctricas y climatización — Luque, Central","PYG","167232996","Infraestructura — media tensión hasta acometida","MATERIAL","Cable Nyy Subt. 1X150,00Mm2","m","60","0","","","","0","0"
"P-2026-002","31/8/2026","BORRADOR","Sr. propietario","Instalaciones eléctricas y climatización — Luque, Central","PYG","167232996","Infraestructura — media tensión hasta acometida","MATERIAL","Caño Pead De 4""","m","20","0","","","","0","0"
"P-2026-002","31/8/2026","BORRADOR","Sr. propietario","Instalaciones eléctricas y climatización — Luque, Central","PYG","167232996","Infraestructura — media tensión hasta acometida","MATERIAL","Descargador De Sobretensión 1P 45Ka 275V Sist. Din Ez9 Schneider","un","18","0","","","","0","0"
"P-2026-002","31/8/2026","BORRADOR","Sr. propietario","Instalaciones eléctricas y climatización — Luque, Central","PYG","167232996","Infraestructura — media tensión hasta acometida","MATERIAL","— TRANSFORMADOR TIPO PEDESTAL Y GENERADOR —","un","0","0","","","","0","0"
"P-2026-002","31/8/2026","BORRADOR","Sr. propietario","Instalaciones eléctricas y climatización — Luque, Central","PYG","167232996","Infraestructura — media tensión hasta acometida","MATERIAL","Transformador 100 Kva Tipo Ande","un","7","0","","","","0","0"
"P-2026-002","31/8/2026","BORRADOR","Sr. propietario","Instalaciones eléctricas y climatización — Luque, Central","PYG","167232996","Infraestructura — media tensión hasta acometida","MATERIAL","Transformador 150 Kva Tipo Ande","un","1","0","","","","0","0"
"P-2026-002","31/8/2026","BORRADOR","Sr. propietario","Instalaciones eléctricas y climatización — Luque, Central","PYG","167232996","Infraestructura — media tensión hasta acometida","MATERIAL","Transformador 300 Kva Tipo Pedestal","un","1","0","","","","0","0"
"P-2026-002","31/8/2026","BORRADOR","Sr. propietario","Instalaciones eléctricas y climatización — Luque, Central","PYG","167232996","Infraestructura — media tensión hasta acometida","MATERIAL","Generador Cabinado 275Kva C/ Tta","un","1","0","","","","0","0"
"P-2026-002","31/8/2026","BORRADOR","Sr. propietario","Instalaciones eléctricas y climatización — Luque, Central","PYG","167232996","Infraestructura — media tensión hasta acometida","MATERIAL","Uso De Grúa - Flete","gl","1","0","","","","0","0"
"P-2026-002","31/8/2026","BORRADOR","Sr. propietario","Instalaciones eléctricas y climatización — Luque, Central","PYG","167232996","Infraestructura — media tensión hasta acometida","MATERIAL","— ALIMENTACIÓN A TABLEROS —","un","0","0","","","","0","0"
"P-2026-002","31/8/2026","BORRADOR","Sr. propietario","Instalaciones eléctricas y climatización — Luque, Central","PYG","167232996","Infraestructura — media tensión hasta acometida","MATERIAL","Cable Nyy Subt. Nexans 4 X 25 Mm2 Xlpe - Alimentación Tableros De Llegada En Acometidas Desde Puntos De Entrega","m","780","0","","","","0","0"
"P-2026-002","31/8/2026","BORRADOR","Sr. propietario","Instalaciones eléctricas y climatización — Luque, Central","PYG","167232996","Infraestructura — media tensión hasta acometida","MATERIAL","Cable Nyy Subt. Nexans De 4X35Mm2 + 1X16Tmm2 - Alimentación Ts-Zb-At2 Y Uso Diario Desde Gabinete De Medidores 2","m","20","0","","","","0","0"
"P-2026-002","31/8/2026","BORRADOR","Sr. propietario","Instalaciones eléctricas y climatización — Luque, Central","PYG","167232996","Infraestructura — media tensión hasta acometida","MATERIAL","Cable Xlpe De 4X35Mm2 + 1X16Tmm2 - Alimentación Ts-Zb-At2 Y Uso Diario Desde Gabinete De Medidores","m","20","0","","","","0","0"
"P-2026-002","31/8/2026","BORRADOR","Sr. propietario","Instalaciones eléctricas y climatización — Luque, Central","PYG","167232996","Infraestructura — media tensión hasta acometida","MATERIAL","Cable Nyy Subt. Nexans 4 X 25 Mm2 Xlpe - Alimentación Tableros De Llegada En Acometidas Desde Puntos De Entrega","m","1650","0","","","","0","0"
"P-2026-002","31/8/2026","BORRADOR","Sr. propietario","Instalaciones eléctricas y climatización — Luque, Central","PYG","167232996","Infraestructura — media tensión hasta acometida","MATERIAL","Ducteado Por Ml","gl","1","0","","","","0","0"
"P-2026-002","31/8/2026","BORRADOR","Sr. propietario","Instalaciones eléctricas y climatización — Luque, Central","PYG","167232996","Infraestructura — media tensión hasta acometida","MATERIAL","Excavación De Zanjas + Protección Mecánica","m","1650","0","","","","0","0"
"P-2026-002","31/8/2026","BORRADOR","Sr. propietario","Instalaciones eléctricas y climatización — Luque, Central","PYG","167232996","Infraestructura — media tensión hasta acometida","MATERIAL","— TABLEROS —","un","0","0","","","","0","0"
"P-2026-002","31/8/2026","BORRADOR","Sr. propietario","Instalaciones eléctricas y climatización — Luque, Central","PYG","167232996","Infraestructura — media tensión hasta acometida","MATERIAL","Gabinete Metálico Compacto Para 2 Medidores Monofásicos (Limitadora 100A) Gris - Cominsa Electric","un","4","0","","","","0","0"
"P-2026-002","31/8/2026","BORRADOR","Sr. propietario","Instalaciones eléctricas y climatización — Luque, Central","PYG","167232996","Infraestructura — media tensión hasta acometida","MATERIAL","Gabinete Metálico Compacto Para Distribución En Bt Medidas 1000X1550X600 Marca Cominsa O Similar","un","33","0","","","","0","0"
"P-2026-002","31/8/2026","BORRADOR","Sr. propietario","Instalaciones eléctricas y climatización — Luque, Central","PYG","167232996","Infraestructura — media tensión hasta acometida","MATERIAL","Nicho Para Tableros De Medidores","un","33","0","","","","0","0"
"P-2026-002","31/8/2026","BORRADOR","Sr. propietario","Instalaciones eléctricas y climatización — Luque, Central","PYG","167232996","Infraestructura — media tensión hasta acometida","MATERIAL","Disyuntor Termo Magnético 3X25 A Marca Abb","un","54","0","","","","0","0"
"P-2026-002","31/8/2026","BORRADOR","Sr. propietario","Instalaciones eléctricas y climatización — Luque, Central","PYG","167232996","Infraestructura — media tensión hasta acometida","MATERIAL","Disyuntor Termo Magnético 3X40 A Marca Abb","un","5","0","","","","0","0"
"P-2026-002","31/8/2026","BORRADOR","Sr. propietario","Instalaciones eléctricas y climatización — Luque, Central","PYG","167232996","Infraestructura — media tensión hasta acometida","MATERIAL","Disyuntor Termo Magnético 3X63 A Marca Abb","un","2","0","","","","0","0"
"P-2026-002","31/8/2026","BORRADOR","Sr. propietario","Instalaciones eléctricas y climatización — Luque, Central","PYG","167232996","Infraestructura — media tensión hasta acometida","MATERIAL","Disyuntor Termo Magnético 3X80 A Marca Abb","un","1","0","","","","0","0"
"P-2026-002","31/8/2026","BORRADOR","Sr. propietario","Instalaciones eléctricas y climatización — Luque, Central","PYG","167232996","Infraestructura — media tensión hasta acometida","MATERIAL","Disyuntor Termo Magnético 3X100 A Marca Abb","un","3","0","","","","0","0"
"P-2026-002","31/8/2026","BORRADOR","Sr. propietario","Instalaciones eléctricas y climatización — Luque, Central","PYG","167232996","Infraestructura — media tensión hasta acometida","MATERIAL","Descargador De Sobretensión 1P 45Ka 275V Sist. Din Ez9 Schneider","un","39","0","","","","0","0"
"P-2026-002","31/8/2026","BORRADOR","Sr. propietario","Instalaciones eléctricas y climatización — Luque, Central","PYG","167232996","Infraestructura — media tensión hasta acometida","MATERIAL","Tablero Ts-Zb-At2-Uso Diario","un","1","0","","","","0","0"
"P-2026-002","31/8/2026","BORRADOR","Sr. propietario","Instalaciones eléctricas y climatización — Luque, Central","PYG","167232996","Infraestructura — media tensión hasta acometida","MATERIAL","Tablero Ts-Zb-Pci Y Carga","un","1","0","","","","0","0"
"P-2026-002","31/8/2026","BORRADOR","Sr. propietario","Instalaciones eléctricas y climatización — Luque, Central","PYG","167232996","Puesta a tierra y áreas comunes","MATERIAL","— INSTALACION ELECTRICA - PUESTA A TIERRA Y AREAS COMUNES —","un","0","0","","","","0","0"
"P-2026-002","31/8/2026","BORRADOR","Sr. propietario","Instalaciones eléctricas y climatización — Luque, Central","PYG","167232996","Puesta a tierra y áreas comunes","MATERIAL","— SISTEMA DE PUESTA A TIERRA —","un","0","0","","","","0","0"
"P-2026-002","31/8/2026","BORRADOR","Sr. propietario","Instalaciones eléctricas y climatización — Luque, Central","PYG","167232996","Puesta a tierra y áreas comunes","MATERIAL","— SISTEMA DE TIERRA - AREA TECNICA 1 —","un","0","0","","","","0","0"
"P-2026-002","31/8/2026","BORRADOR","Sr. propietario","Instalaciones eléctricas y climatización — Luque, Central","PYG","167232996","Puesta a tierra y áreas comunes","MATERIAL","Caño galvanizado de 1-1/2"" x 6 mts.","un","6","0","","","","0","0"
"P-2026-002","31/8/2026","BORRADOR","Sr. propietario","Instalaciones eléctricas y climatización — Luque, Central","PYG","167232996","Puesta a tierra y áreas comunes","MATERIAL","Caño PVC de 1"" x 3 mts.","m","24","0","","","","0","0"
"P-2026-002","31/8/2026","BORRADOR","Sr. propietario","Instalaciones eléctricas y climatización — Luque, Central","PYG","167232996","Puesta a tierra y áreas comunes","MATERIAL","Jabalina de cobre de 5/8""x3 mts","un","8","165000","","","","0","0"
"P-2026-002","31/8/2026","BORRADOR","Sr. propietario","Instalaciones eléctricas y climatización — Luque, Central","PYG","167232996","Puesta a tierra y áreas comunes","MATERIAL","Conductor de cobre desnudo de 1x95 mm2","m","25","0","","","","0","0"
"P-2026-002","31/8/2026","BORRADOR","Sr. propietario","Instalaciones eléctricas y climatización — Luque, Central","PYG","167232996","Puesta a tierra y áreas comunes","MATERIAL","Conductor de cobre desnudo de 1x70 mm2","m","30","0","","","","0","0"
"P-2026-002","31/8/2026","BORRADOR","Sr. propietario","Instalaciones eléctricas y climatización — Luque, Central","PYG","167232996","Puesta a tierra y áreas comunes","MATERIAL","Conductor de cobre desnudo de 1x50 mm2","m","20","0","","","","0","0"
"P-2026-002","31/8/2026","BORRADOR","Sr. propietario","Instalaciones eléctricas y climatización — Luque, Central","PYG","167232996","Puesta a tierra y áreas comunes","MATERIAL","Conjunto de soldadura y mejorador de tierra","un","2","0","","","","0","0"
"P-2026-002","31/8/2026","BORRADOR","Sr. propietario","Instalaciones eléctricas y climatización — Luque, Central","PYG","167232996","Puesta a tierra y áreas comunes","MATERIAL","Pozo para ubicación de jabalina","un","10","0","","","","0","0"
"P-2026-002","31/8/2026","BORRADOR","Sr. propietario","Instalaciones eléctricas y climatización — Luque, Central","PYG","167232996","Puesta a tierra y áreas comunes","MATERIAL","Excavación","m","40","0","","","","0","0"
"P-2026-002","31/8/2026","BORRADOR","Sr. propietario","Instalaciones eléctricas y climatización — Luque, Central","PYG","167232996","Puesta a tierra y áreas comunes","MATERIAL","— SISTEMA DE TIERRA - AREA TECNICA 2 —","un","0","0","","","","0","0"
"P-2026-002","31/8/2026","BORRADOR","Sr. propietario","Instalaciones eléctricas y climatización — Luque, Central","PYG","167232996","Puesta a tierra y áreas comunes","MATERIAL","Caño galvanizado de 1-1/2"" x 6 mts.","un","7","0","","","","0","0"
"P-2026-002","31/8/2026","BORRADOR","Sr. propietario","Instalaciones eléctricas y climatización — Luque, Central","PYG","167232996","Puesta a tierra y áreas comunes","MATERIAL","Caño PVC de 1"" x 3 mts.","m","28","0","","","","0","0"
"P-2026-002","31/8/2026","BORRADOR","Sr. propietario","Instalaciones eléctricas y climatización — Luque, Central","PYG","167232996","Puesta a tierra y áreas comunes","MATERIAL","Jabalina de cobre de 5/8""x3 mts","un","12","165000","","","","0","0"
"P-2026-002","31/8/2026","BORRADOR","Sr. propietario","Instalaciones eléctricas y climatización — Luque, Central","PYG","167232996","Puesta a tierra y áreas comunes","MATERIAL","Conductor de cobre desnudo de 1x70 mm2","m","30","0","","","","0","0"
"P-2026-002","31/8/2026","BORRADOR","Sr. propietario","Instalaciones eléctricas y climatización — Luque, Central","PYG","167232996","Puesta a tierra y áreas comunes","MATERIAL","Conductor de cobre desnudo de 1x50 mm2","m","35","0","","","","0","0"
"P-2026-002","31/8/2026","BORRADOR","Sr. propietario","Instalaciones eléctricas y climatización — Luque, Central","PYG","167232996","Puesta a tierra y áreas comunes","MATERIAL","Conjunto de soldadura y mejorador de tierra","un","2","0","","","","0","0"
"P-2026-002","31/8/2026","BORRADOR","Sr. propietario","Instalaciones eléctricas y climatización — Luque, Central","PYG","167232996","Puesta a tierra y áreas comunes","MATERIAL","Pozo para ubicación de jabalina","un","14","0","","","","0","0"
"P-2026-002","31/8/2026","BORRADOR","Sr. propietario","Instalaciones eléctricas y climatización — Luque, Central","PYG","167232996","Puesta a tierra y áreas comunes","MATERIAL","Excavación","m","55","0","","","","0","0"
"P-2026-002","31/8/2026","BORRADOR","Sr. propietario","Instalaciones eléctricas y climatización — Luque, Central","PYG","167232996","Puesta a tierra y áreas comunes","MATERIAL","Conductor de cobre desnudo de 1x25 mm2 - PARARRAYOS","m","16","0","","","","0","0"
"P-2026-002","31/8/2026","BORRADOR","Sr. propietario","Instalaciones eléctricas y climatización — Luque, Central","PYG","167232996","Puesta a tierra y áreas comunes","MATERIAL","— GENERADOR —","un","0","0","","","","0","0"
"P-2026-002","31/8/2026","BORRADOR","Sr. propietario","Instalaciones eléctricas y climatización — Luque, Central","PYG","167232996","Puesta a tierra y áreas comunes","MATERIAL","Generador Cabinado 22 Kva C/ Tta","un","1","0","","","","0","0"
"P-2026-002","31/8/2026","BORRADOR","Sr. propietario","Instalaciones eléctricas y climatización — Luque, Central","PYG","167232996","Puesta a tierra y áreas comunes","MATERIAL","Tablero De Emergencia Para Transferencia","un","1","0","","","","0","0"
"P-2026-002","31/8/2026","BORRADOR","Sr. propietario","Instalaciones eléctricas y climatización — Luque, Central","PYG","167232996","Puesta a tierra y áreas comunes","MATERIAL","Uso De Grúa - Flete","gl","1","0","","","","0","0"
"P-2026-002","31/8/2026","BORRADOR","Sr. propietario","Instalaciones eléctricas y climatización — Luque, Central","PYG","167232996","Puesta a tierra y áreas comunes","MATERIAL","— BOCAS DE CIRCUITOS —","un","0","0","","","","0","0"
"P-2026-002","31/8/2026","BORRADOR","Sr. propietario","Instalaciones eléctricas y climatización — Luque, Central","PYG","167232996","Puesta a tierra y áreas comunes","MATERIAL","Boca De Iluminación","un","12","85000","","","","0","0"
"P-2026-002","31/8/2026","BORRADOR","Sr. propietario","Instalaciones eléctricas y climatización — Luque, Central","PYG","167232996","Puesta a tierra y áreas comunes","MATERIAL","Boca De Tomas Universal C/ Tierra","un","10","85000","","","","0","0"
"P-2026-002","31/8/2026","BORRADOR","Sr. propietario","Instalaciones eléctricas y climatización — Luque, Central","PYG","167232996","Puesta a tierra y áreas comunes","MATERIAL","Boca De Bomba De Sumidero","un","2","0","","","","0","0"
"P-2026-002","31/8/2026","BORRADOR","Sr. propietario","Instalaciones eléctricas y climatización — Luque, Central","PYG","167232996","Puesta a tierra y áreas comunes","MATERIAL","— MONTAJE DE ARTEFACTOS DE ILUMINACIÓN —","un","0","0","","","","0","0"
"P-2026-002","31/8/2026","BORRADOR","Sr. propietario","Instalaciones eléctricas y climatización — Luque, Central","PYG","167232996","Puesta a tierra y áreas comunes","MATERIAL","Montaje De Artefactos De Iluminación","un","20","55000","","","","0","0"
"P-2026-002","31/8/2026","BORRADOR","Sr. propietario","Instalaciones eléctricas y climatización — Luque, Central","PYG","167232996","Puesta a tierra y áreas comunes","MATERIAL","Aplique Bidireccional Rectangular Negro Argo","un","8","0","","","","0","0"
"P-2026-002","31/8/2026","BORRADOR","Sr. propietario","Instalaciones eléctricas y climatización — Luque, Central","PYG","167232996","Puesta a tierra y áreas comunes","MATERIAL","— BOCAS DE CIRCUITOS —","un","0","0","","","","0","0"
"P-2026-002","31/8/2026","BORRADOR","Sr. propietario","Instalaciones eléctricas y climatización — Luque, Central","PYG","167232996","Puesta a tierra y áreas comunes","MATERIAL","Boca De Iluminación","un","8","85000","","","","0","0"
"P-2026-002","31/8/2026","BORRADOR","Sr. propietario","Instalaciones eléctricas y climatización — Luque, Central","PYG","167232996","Puesta a tierra y áreas comunes","MATERIAL","Boca De Tomas Universal C/ Tierra","un","4","85000","","","","0","0"
"P-2026-002","31/8/2026","BORRADOR","Sr. propietario","Instalaciones eléctricas y climatización — Luque, Central","PYG","167232996","Puesta a tierra y áreas comunes","MATERIAL","— MONTAJE DE ARTEFACTOS DE ILUMINACIÓN —","un","0","0","","","","0","0"
"P-2026-002","31/8/2026","BORRADOR","Sr. propietario","Instalaciones eléctricas y climatización — Luque, Central","PYG","167232996","Puesta a tierra y áreas comunes","MATERIAL","Montaje De Artefactos De Iluminación","un","8","55000","","","","0","0"
"P-2026-002","31/8/2026","BORRADOR","Sr. propietario","Instalaciones eléctricas y climatización — Luque, Central","PYG","167232996","Puesta a tierra y áreas comunes","MATERIAL","Aplique Bidireccional Rectangular Negro Argo","un","8","0","","","","0","0"
"P-2026-002","31/8/2026","BORRADOR","Sr. propietario","Instalaciones eléctricas y climatización — Luque, Central","PYG","167232996","Puesta a tierra y áreas comunes","MATERIAL","— SISTEMA DE TIERRA - CANCHAS Y QUINCHOS —","un","0","0","","","","0","0"
"P-2026-002","31/8/2026","BORRADOR","Sr. propietario","Instalaciones eléctricas y climatización — Luque, Central","PYG","167232996","Puesta a tierra y áreas comunes","MATERIAL","Caño galvanizado de 1-1/2"" x 6 mts.","un","98","0","","","","0","0"
"P-2026-002","31/8/2026","BORRADOR","Sr. propietario","Instalaciones eléctricas y climatización — Luque, Central","PYG","167232996","Puesta a tierra y áreas comunes","MATERIAL","Caño PVC de 1"" x 3 mts.","m","98","0","","","","0","0"
"P-2026-002","31/8/2026","BORRADOR","Sr. propietario","Instalaciones eléctricas y climatización — Luque, Central","PYG","167232996","Puesta a tierra y áreas comunes","MATERIAL","Jabalina de cobre de 5/8""x3 mts","un","294","165000","","","","0","0"
"P-2026-002","31/8/2026","BORRADOR","Sr. propietario","Instalaciones eléctricas y climatización — Luque, Central","PYG","167232996","Puesta a tierra y áreas comunes","MATERIAL","Conductor de cobre desnudo de 1x16 mm2","m","980","0","","","","0","0"
"P-2026-002","31/8/2026","BORRADOR","Sr. propietario","Instalaciones eléctricas y climatización — Luque, Central","PYG","167232996","Puesta a tierra y áreas comunes","MATERIAL","Conjunto de soldadura y mejorador de tierra","un","98","0","","","","0","0"
"P-2026-002","31/8/2026","BORRADOR","Sr. propietario","Instalaciones eléctricas y climatización — Luque, Central","PYG","167232996","Puesta a tierra y áreas comunes","MATERIAL","Pozo para ubicación de jabalina","un","98","0","","","","0","0"
"P-2026-002","31/8/2026","BORRADOR","Sr. propietario","Instalaciones eléctricas y climatización — Luque, Central","PYG","167232996","Puesta a tierra y áreas comunes","MATERIAL","Excavación","m","882","0","","","","0","0"
"P-2026-002","31/8/2026","BORRADOR","Sr. propietario","Instalaciones eléctricas y climatización — Luque, Central","PYG","167232996","Puesta a tierra y áreas comunes","MATERIAL","— SISTEMA DE TIERRA - PISCINA Y PARQUE INFANTIL —","un","0","0","","","","0","0"
"P-2026-002","31/8/2026","BORRADOR","Sr. propietario","Instalaciones eléctricas y climatización — Luque, Central","PYG","167232996","Puesta a tierra y áreas comunes","MATERIAL","Caño galvanizado de 1-1/2"" x 6 mts.","un","6","0","","","","0","0"
"P-2026-002","31/8/2026","BORRADOR","Sr. propietario","Instalaciones eléctricas y climatización — Luque, Central","PYG","167232996","Puesta a tierra y áreas comunes","MATERIAL","Caño PVC de 1"" x 3 mts.","m","24","0","","","","0","0"
"P-2026-002","31/8/2026","BORRADOR","Sr. propietario","Instalaciones eléctricas y climatización — Luque, Central","PYG","167232996","Puesta a tierra y áreas comunes","MATERIAL","Jabalina de cobre de 5/8""x3 mts","un","8","165000","","","","0","0"
"P-2026-002","31/8/2026","BORRADOR","Sr. propietario","Instalaciones eléctricas y climatización — Luque, Central","PYG","167232996","Puesta a tierra y áreas comunes","MATERIAL","Conductor de cobre desnudo de 1x50 mm2","m","34","0","","","","0","0"
"P-2026-002","31/8/2026","BORRADOR","Sr. propietario","Instalaciones eléctricas y climatización — Luque, Central","PYG","167232996","Puesta a tierra y áreas comunes","MATERIAL","Conjunto de soldadura y mejorador de tierra","un","2","0","","","","0","0"
"P-2026-002","31/8/2026","BORRADOR","Sr. propietario","Instalaciones eléctricas y climatización — Luque, Central","PYG","167232996","Puesta a tierra y áreas comunes","MATERIAL","Pozo para ubicación de jabalina","un","10","0","","","","0","0"
"P-2026-002","31/8/2026","BORRADOR","Sr. propietario","Instalaciones eléctricas y climatización — Luque, Central","PYG","167232996","Puesta a tierra y áreas comunes","MATERIAL","Excavación","m","34","0","","","","0","0"
"P-2026-002","31/8/2026","BORRADOR","Sr. propietario","Instalaciones eléctricas y climatización — Luque, Central","PYG","167232996","Canchas — Zona B","MATERIAL","— CANCHAS - ZONA B —","un","0","0","","","","0","0"
"P-2026-002","31/8/2026","BORRADOR","Sr. propietario","Instalaciones eléctricas y climatización — Luque, Central","PYG","167232996","Canchas — Zona B","MATERIAL","— ILUMINACIÓN —","un","0","0","","","","0","0"
"P-2026-002","31/8/2026","BORRADOR","Sr. propietario","Instalaciones eléctricas y climatización — Luque, Central","PYG","167232996","Canchas — Zona B","MATERIAL","Proyector Led 200W Luz Fria Para Exterior Court - Argo","un","20","0","","","","0","0"
"P-2026-002","31/8/2026","BORRADOR","Sr. propietario","Instalaciones eléctricas y climatización — Luque, Central","PYG","167232996","Canchas — Zona B","MATERIAL","Bocas De Iluminación","un","8","85000","","","","0","0"
"P-2026-002","31/8/2026","BORRADOR","Sr. propietario","Instalaciones eléctricas y climatización — Luque, Central","PYG","167232996","Canchas — Zona B","MATERIAL","Montaje De Artefactos De Iluminación","un","20","55000","","","","0","0"
"P-2026-002","31/8/2026","BORRADOR","Sr. propietario","Instalaciones eléctricas y climatización — Luque, Central","PYG","167232996","Canchas — Zona B","MATERIAL","Poste De H°A° 9/200 Tipo Ande","un","8","0","","","","0","0"
"P-2026-002","31/8/2026","BORRADOR","Sr. propietario","Instalaciones eléctricas y climatización — Luque, Central","PYG","167232996","Canchas — Zona B","MATERIAL","Montaje De Poste H°A°","un","8","0","","","","0","0"
"P-2026-002","31/8/2026","BORRADOR","Sr. propietario","Instalaciones eléctricas y climatización — Luque, Central","PYG","167232996","Canchas — Zona B","MATERIAL","— TABLEROS —","un","0","0","","","","0","0"
"P-2026-002","31/8/2026","BORRADOR","Sr. propietario","Instalaciones eléctricas y climatización — Luque, Central","PYG","167232996","Canchas — Zona B","MATERIAL","Interruptor Termomagnético 3X40 A - Marca Abb","un","1","0","","","","0","0"
"P-2026-002","31/8/2026","BORRADOR","Sr. propietario","Instalaciones eléctricas y climatización — Luque, Central","PYG","167232996","Canchas — Zona B","MATERIAL","Interruptor Diferencial 4X40 A - Marca Abb","un","1","0","","","","0","0"
"P-2026-002","31/8/2026","BORRADOR","Sr. propietario","Instalaciones eléctricas y climatización — Luque, Central","PYG","167232996","Canchas — Zona B","MATERIAL","Interruptor Termomagnético 1X16 A - Marca Abb","un","5","55000","","","","0","0"
"P-2026-002","31/8/2026","BORRADOR","Sr. propietario","Instalaciones eléctricas y climatización — Luque, Central","PYG","167232996","Canchas — Zona B","MATERIAL","— ALIMENTACIONES A CIRCUITOS —","un","0","0","","","","0","0"
"P-2026-002","31/8/2026","BORRADOR","Sr. propietario","Instalaciones eléctricas y climatización — Luque, Central","PYG","167232996","Canchas — Zona B","MATERIAL","Cable Multifilar 3X4Mm² Alimentación Para Iluminación","m","160","0","","","","0","0"
"P-2026-002","31/8/2026","BORRADOR","Sr. propietario","Instalaciones eléctricas y climatización — Luque, Central","PYG","167232996","Canchas — Zona B","MATERIAL","Cable Multifilar 3X2,5Mm² Alimentación Para Iluminación","m","80","0","","","","0","0"
"P-2026-003","1/9/2026","BORRADOR","MAO Shell Pai Puku","Reacondicionamiento del sistema de desagüe y mantenimiento general — Shell Pai Puku","PYG","92815721","Portón metálico para depósito","MATERIAL","Caño rectangular 20x30x1,20 mm x 6 m","un","2","51000","","","","0","30"
"P-2026-003","1/9/2026","BORRADOR","MAO Shell Pai Puku","Reacondicionamiento del sistema de desagüe y mantenimiento general — Shell Pai Puku","PYG","92815721","Portón metálico para depósito","MATERIAL","Caño cuadrado 20x20x1,20 mm x 6 m","un","4","35000","","","","0","30"
"P-2026-003","1/9/2026","BORRADOR","MAO Shell Pai Puku","Reacondicionamiento del sistema de desagüe y mantenimiento general — Shell Pai Puku","PYG","92815721","Portón metálico para depósito","MATERIAL","Bisagras reforzadas","un","2","25000","","","","0","30"
"P-2026-003","1/9/2026","BORRADOR","MAO Shell Pai Puku","Reacondicionamiento del sistema de desagüe y mantenimiento general — Shell Pai Puku","PYG","92815721","Portón metálico para depósito","MATERIAL","Pasador 150 mm","un","1","18000","","","","0","30"
"P-2026-003","1/9/2026","BORRADOR","MAO Shell Pai Puku","Reacondicionamiento del sistema de desagüe y mantenimiento general — Shell Pai Puku","PYG","92815721","Portón metálico para depósito","MATERIAL","Esmalte sintético","lt","1","27500","","","","0","30"
"P-2026-003","1/9/2026","BORRADOR","MAO Shell Pai Puku","Reacondicionamiento del sistema de desagüe y mantenimiento general — Shell Pai Puku","PYG","92815721","Portón metálico para depósito","MATERIAL","Thinner / diluyente","lt","1","20000","","","","0","30"
"P-2026-003","1/9/2026","BORRADOR","MAO Shell Pai Puku","Reacondicionamiento del sistema de desagüe y mantenimiento general — Shell Pai Puku","PYG","92815721","Portón metálico para depósito","MATERIAL","Tejido de malla de alambre en plancha 1,20 x 3,00 m","un","1","215000","","","","0","30"
"P-2026-003","1/9/2026","BORRADOR","MAO Shell Pai Puku","Reacondicionamiento del sistema de desagüe y mantenimiento general — Shell Pai Puku","PYG","92815721","Portón metálico para depósito","MANO_OBRA","Personal de obra (2 persona/s)","h","","","2","16","25000","","30"
"P-2026-003","1/9/2026","BORRADOR","MAO Shell Pai Puku","Reacondicionamiento del sistema de desagüe y mantenimiento general — Shell Pai Puku","PYG","92815721","Apertura de vanos para ventilación industrial","MATERIAL","Ladrillo convocó recto de 1a 19x19x10","un","22","2495","","","","0","30"
"P-2026-003","1/9/2026","BORRADOR","MAO Shell Pai Puku","Reacondicionamiento del sistema de desagüe y mantenimiento general — Shell Pai Puku","PYG","92815721","Apertura de vanos para ventilación industrial","MATERIAL","Cemento portland CP-32 x 50 kg","bolsa","1","67600","","","","0","30"
"P-2026-003","1/9/2026","BORRADOR","MAO Shell Pai Puku","Reacondicionamiento del sistema de desagüe y mantenimiento general — Shell Pai Puku","PYG","92815721","Apertura de vanos para ventilación industrial","MATERIAL","Cal hidratada x 20 kg","bolsa","1","25000","","","","0","30"
"P-2026-003","1/9/2026","BORRADOR","MAO Shell Pai Puku","Reacondicionamiento del sistema de desagüe y mantenimiento general — Shell Pai Puku","PYG","92815721","Apertura de vanos para ventilación industrial","MATERIAL","Arena lavada de río","m3","1","72000","","","","0","30"
"P-2026-003","1/9/2026","BORRADOR","MAO Shell Pai Puku","Reacondicionamiento del sistema de desagüe y mantenimiento general — Shell Pai Puku","PYG","92815721","Apertura de vanos para ventilación industrial","MANO_OBRA","Personal de obra (4 persona/s)","h","","","4","16","25000","","30"
"P-2026-003","1/9/2026","BORRADOR","MAO Shell Pai Puku","Reacondicionamiento del sistema de desagüe y mantenimiento general — Shell Pai Puku","PYG","92815721","Mantenimiento y restauración de puertas dobles","MATERIAL","Barniz sintético brillante","lt","1","38000","","","","0","30"
"P-2026-003","1/9/2026","BORRADOR","MAO Shell Pai Puku","Reacondicionamiento del sistema de desagüe y mantenimiento general — Shell Pai Puku","PYG","92815721","Mantenimiento y restauración de puertas dobles","MATERIAL","Pasador 150 mm","un","1","18000","","","","0","30"
"P-2026-003","1/9/2026","BORRADOR","MAO Shell Pai Puku","Reacondicionamiento del sistema de desagüe y mantenimiento general — Shell Pai Puku","PYG","92815721","Mantenimiento y restauración de puertas dobles","MATERIAL","Lijas","un","10","2000","","","","0","30"
"P-2026-003","1/9/2026","BORRADOR","MAO Shell Pai Puku","Reacondicionamiento del sistema de desagüe y mantenimiento general — Shell Pai Puku","PYG","92815721","Mantenimiento y restauración de puertas dobles","MATERIAL","Diluyente","lt","4","16000","","","","0","30"
"P-2026-003","1/9/2026","BORRADOR","MAO Shell Pai Puku","Reacondicionamiento del sistema de desagüe y mantenimiento general — Shell Pai Puku","PYG","92815721","Mantenimiento y restauración de puertas dobles","MATERIAL","Insumos varios de terminación","gl","1","50000","","","","0","30"
"P-2026-003","1/9/2026","BORRADOR","MAO Shell Pai Puku","Reacondicionamiento del sistema de desagüe y mantenimiento general — Shell Pai Puku","PYG","92815721","Mantenimiento y restauración de puertas dobles","MANO_OBRA","Personal de obra (3 persona/s)","h","","","3","24","25000","","30"
"P-2026-003","1/9/2026","BORRADOR","MAO Shell Pai Puku","Reacondicionamiento del sistema de desagüe y mantenimiento general — Shell Pai Puku","PYG","92815721","Mantenimiento de portón principal eléctrico y peatonal","MATERIAL","Esmalte sintético","lt","2","27500","","","","0","30"
"P-2026-003","1/9/2026","BORRADOR","MAO Shell Pai Puku","Reacondicionamiento del sistema de desagüe y mantenimiento general — Shell Pai Puku","PYG","92815721","Mantenimiento de portón principal eléctrico y peatonal","MATERIAL","Cerradura externa con manija","un","1","140000","","","","0","30"
"P-2026-003","1/9/2026","BORRADOR","MAO Shell Pai Puku","Reacondicionamiento del sistema de desagüe y mantenimiento general — Shell Pai Puku","PYG","92815721","Mantenimiento de portón principal eléctrico y peatonal","MATERIAL","Lijas","un","10","2000","","","","0","30"
"P-2026-003","1/9/2026","BORRADOR","MAO Shell Pai Puku","Reacondicionamiento del sistema de desagüe y mantenimiento general — Shell Pai Puku","PYG","92815721","Mantenimiento de portón principal eléctrico y peatonal","MATERIAL","Diluyente","lt","3","16000","","","","0","30"
"P-2026-003","1/9/2026","BORRADOR","MAO Shell Pai Puku","Reacondicionamiento del sistema de desagüe y mantenimiento general — Shell Pai Puku","PYG","92815721","Mantenimiento de portón principal eléctrico y peatonal","MATERIAL","Insumos varios","gl","2","50000","","","","0","30"
"P-2026-003","1/9/2026","BORRADOR","MAO Shell Pai Puku","Reacondicionamiento del sistema de desagüe y mantenimiento general — Shell Pai Puku","PYG","92815721","Mantenimiento de portón principal eléctrico y peatonal","MANO_OBRA","Personal de obra (2 persona/s)","h","","","2","16","25000","","30"
"P-2026-003","1/9/2026","BORRADOR","MAO Shell Pai Puku","Reacondicionamiento del sistema de desagüe y mantenimiento general — Shell Pai Puku","PYG","92815721","Reparación de marco de portón metálico de pasillo","MATERIAL","Caño rectangular 20x30x1,20 mm x 6 m","un","1","51000","","","","0","30"
"P-2026-003","1/9/2026","BORRADOR","MAO Shell Pai Puku","Reacondicionamiento del sistema de desagüe y mantenimiento general — Shell Pai Puku","PYG","92815721","Reparación de marco de portón metálico de pasillo","MATERIAL","Pasador 150 mm","un","1","18000","","","","0","30"
"P-2026-003","1/9/2026","BORRADOR","MAO Shell Pai Puku","Reacondicionamiento del sistema de desagüe y mantenimiento general — Shell Pai Puku","PYG","92815721","Reparación de marco de portón metálico de pasillo","MATERIAL","Lijas","un","1","2000","","","","0","30"
"P-2026-003","1/9/2026","BORRADOR","MAO Shell Pai Puku","Reacondicionamiento del sistema de desagüe y mantenimiento general — Shell Pai Puku","PYG","92815721","Reparación de marco de portón metálico de pasillo","MATERIAL","Diluyente","lt","1","16000","","","","0","30"
"P-2026-003","1/9/2026","BORRADOR","MAO Shell Pai Puku","Reacondicionamiento del sistema de desagüe y mantenimiento general — Shell Pai Puku","PYG","92815721","Reparación de marco de portón metálico de pasillo","MATERIAL","Insumos varios","gl","0.5","50000","","","","0","30"
"P-2026-003","1/9/2026","BORRADOR","MAO Shell Pai Puku","Reacondicionamiento del sistema de desagüe y mantenimiento general — Shell Pai Puku","PYG","92815721","Reparación de marco de portón metálico de pasillo","MATERIAL","Pintura antióxido","lt","1","35200","","","","0","30"
"P-2026-003","1/9/2026","BORRADOR","MAO Shell Pai Puku","Reacondicionamiento del sistema de desagüe y mantenimiento general — Shell Pai Puku","PYG","92815721","Reparación de marco de portón metálico de pasillo","MANO_OBRA","Personal de obra (2 persona/s)","h","","","2","16","25000","","30"
"P-2026-003","1/9/2026","BORRADOR","MAO Shell Pai Puku","Reacondicionamiento del sistema de desagüe y mantenimiento general — Shell Pai Puku","PYG","92815721","Iluminación LED en borde de piscina","MATERIAL","Tira LED exterior IP65 con fuente","un","2","150000","","","","0","30"
"P-2026-003","1/9/2026","BORRADOR","MAO Shell Pai Puku","Reacondicionamiento del sistema de desagüe y mantenimiento general — Shell Pai Puku","PYG","92815721","Iluminación LED en borde de piscina","MATERIAL","Insumos de montaje y conexión","gl","1","50000","","","","0","30"
"P-2026-003","1/9/2026","BORRADOR","MAO Shell Pai Puku","Reacondicionamiento del sistema de desagüe y mantenimiento general — Shell Pai Puku","PYG","92815721","Iluminación LED en borde de piscina","MANO_OBRA","Personal de obra (1 persona/s)","h","","","1","8","25000","","30"
"P-2026-003","1/9/2026","BORRADOR","MAO Shell Pai Puku","Reacondicionamiento del sistema de desagüe y mantenimiento general — Shell Pai Puku","PYG","92815721","Puesta a punto de iluminación de jardín","MATERIAL","Materiales eléctricos de reposición","gl","1","250000","","","","0","30"
"P-2026-003","1/9/2026","BORRADOR","MAO Shell Pai Puku","Reacondicionamiento del sistema de desagüe y mantenimiento general — Shell Pai Puku","PYG","92815721","Puesta a punto de iluminación de jardín","MATERIAL","Insumos de montaje","gl","1","50000","","","","0","30"
"P-2026-003","1/9/2026","BORRADOR","MAO Shell Pai Puku","Reacondicionamiento del sistema de desagüe y mantenimiento general — Shell Pai Puku","PYG","92815721","Puesta a punto de iluminación de jardín","MANO_OBRA","Personal de obra (1 persona/s)","h","","","1","8","25000","","30"
"P-2026-003","1/9/2026","BORRADOR","MAO Shell Pai Puku","Reacondicionamiento del sistema de desagüe y mantenimiento general — Shell Pai Puku","PYG","92815721","Impermeabilización de techo de losa del tanque de agua","MATERIAL","Goma líquida impermeabilizante","lt","12","25000","","","","0","30"
"P-2026-003","1/9/2026","BORRADOR","MAO Shell Pai Puku","Reacondicionamiento del sistema de desagüe y mantenimiento general — Shell Pai Puku","PYG","92815721","Impermeabilización de techo de losa del tanque de agua","MATERIAL","Insumos: malla, rodillos y sellador","gl","4","50000","","","","0","30"
"P-2026-003","1/9/2026","BORRADOR","MAO Shell Pai Puku","Reacondicionamiento del sistema de desagüe y mantenimiento general — Shell Pai Puku","PYG","92815721","Impermeabilización de techo de losa del tanque de agua","MANO_OBRA","Personal de obra (1 persona/s)","h","","","1","16","25000","","30"
"P-2026-003","1/9/2026","BORRADOR","MAO Shell Pai Puku","Reacondicionamiento del sistema de desagüe y mantenimiento general — Shell Pai Puku","PYG","92815721","Reparación del suministro de agua en sanitarios del depósito","MATERIAL","Repuestos y accesorios hidráulicos","gl","1","350000","","","","0","30"
"P-2026-003","1/9/2026","BORRADOR","MAO Shell Pai Puku","Reacondicionamiento del sistema de desagüe y mantenimiento general — Shell Pai Puku","PYG","92815721","Reparación del suministro de agua en sanitarios del depósito","MATERIAL","Insumos de plomería","gl","1","50000","","","","0","30"
"P-2026-003","1/9/2026","BORRADOR","MAO Shell Pai Puku","Reacondicionamiento del sistema de desagüe y mantenimiento general — Shell Pai Puku","PYG","92815721","Reparación del suministro de agua en sanitarios del depósito","MANO_OBRA","Personal de obra (1 persona/s)","h","","","1","8","25000","","30"
"P-2026-003","1/9/2026","BORRADOR","MAO Shell Pai Puku","Reacondicionamiento del sistema de desagüe y mantenimiento general — Shell Pai Puku","PYG","92815721","Reparación de portón de madera con malla metálica","MATERIAL","Malla de alambre en plancha 1,20 x 3,00 m","un","1","215000","","","","0","30"
"P-2026-003","1/9/2026","BORRADOR","MAO Shell Pai Puku","Reacondicionamiento del sistema de desagüe y mantenimiento general — Shell Pai Puku","PYG","92815721","Reparación de portón de madera con malla metálica","MATERIAL","Insumos de fijación","gl","1","50000","","","","0","30"
"P-2026-003","1/9/2026","BORRADOR","MAO Shell Pai Puku","Reacondicionamiento del sistema de desagüe y mantenimiento general — Shell Pai Puku","PYG","92815721","Reparación de portón de madera con malla metálica","MANO_OBRA","Personal de obra (1 persona/s)","h","","","1","8","25000","","30"
"P-2026-003","1/9/2026","BORRADOR","MAO Shell Pai Puku","Reacondicionamiento del sistema de desagüe y mantenimiento general — Shell Pai Puku","PYG","92815721","Adecuación integral del sistema de tratamiento y disposición de efluentes","MATERIAL","Módulo de tratamiento biológico UNIFAM","un","2","14500000","","","","0","40"
"P-2026-003","1/9/2026","BORRADOR","MAO Shell Pai Puku","Reacondicionamiento del sistema de desagüe y mantenimiento general — Shell Pai Puku","PYG","92815721","Adecuación integral del sistema de tratamiento y disposición de efluentes","MATERIAL","Tanque de 2.000 litros","un","1","2394068","","","","0","40"
"P-2026-003","1/9/2026","BORRADOR","MAO Shell Pai Puku","Reacondicionamiento del sistema de desagüe y mantenimiento general — Shell Pai Puku","PYG","92815721","Adecuación integral del sistema de tratamiento y disposición de efluentes","MATERIAL","Caño de PVC de 150 mm","un","1","171000","","","","0","40"
"P-2026-003","1/9/2026","BORRADOR","MAO Shell Pai Puku","Reacondicionamiento del sistema de desagüe y mantenimiento general — Shell Pai Puku","PYG","92815721","Adecuación integral del sistema de tratamiento y disposición de efluentes","MATERIAL","Tapón de 150 mm","un","2","20000","","","","0","40"
"P-2026-003","1/9/2026","BORRADOR","MAO Shell Pai Puku","Reacondicionamiento del sistema de desagüe y mantenimiento general — Shell Pai Puku","PYG","92815721","Adecuación integral del sistema de tratamiento y disposición de efluentes","MATERIAL","Caño de PVC de 100 mm","un","6","75000","","","","0","40"
"P-2026-003","1/9/2026","BORRADOR","MAO Shell Pai Puku","Reacondicionamiento del sistema de desagüe y mantenimiento general — Shell Pai Puku","PYG","92815721","Adecuación integral del sistema de tratamiento y disposición de efluentes","MATERIAL","Pegamento para PVC","un","1","45000","","","","0","40"
"P-2026-003","1/9/2026","BORRADOR","MAO Shell Pai Puku","Reacondicionamiento del sistema de desagüe y mantenimiento general — Shell Pai Puku","PYG","92815721","Adecuación integral del sistema de tratamiento y disposición de efluentes","MATERIAL","Ladrillos comunes (registro 40x40x60 y caseta de soplador)","un","500","700","","","","0","40"
"P-2026-003","1/9/2026","BORRADOR","MAO Shell Pai Puku","Reacondicionamiento del sistema de desagüe y mantenimiento general — Shell Pai Puku","PYG","92815721","Adecuación integral del sistema de tratamiento y disposición de efluentes","MATERIAL","Cemento portland x 50 kg","bolsa","8","72000","","","","0","40"
"P-2026-003","1/9/2026","BORRADOR","MAO Shell Pai Puku","Reacondicionamiento del sistema de desagüe y mantenimiento general — Shell Pai Puku","PYG","92815721","Adecuación integral del sistema de tratamiento y disposición de efluentes","MATERIAL","Arena lavada de río (colchón de cañería y relleno)","m3","4","110000","","","","0","40"
"P-2026-003","1/9/2026","BORRADOR","MAO Shell Pai Puku","Reacondicionamiento del sistema de desagüe y mantenimiento general — Shell Pai Puku","PYG","92815721","Adecuación integral del sistema de tratamiento y disposición de efluentes","MATERIAL","Piedra triturada (base de hormigón)","m3","1","160000","","","","0","40"
"P-2026-003","1/9/2026","BORRADOR","MAO Shell Pai Puku","Reacondicionamiento del sistema de desagüe y mantenimiento general — Shell Pai Puku","PYG","92815721","Adecuación integral del sistema de tratamiento y disposición de efluentes","MATERIAL","Tapa para registro 40x40 cm","un","2","150000","","","","0","40"
"P-2026-003","1/9/2026","BORRADOR","MAO Shell Pai Puku","Reacondicionamiento del sistema de desagüe y mantenimiento general — Shell Pai Puku","PYG","92815721","Adecuación integral del sistema de tratamiento y disposición de efluentes","MATERIAL","Tapa metálica de biodigestor en chapa antideslizante 1,40 x 1,40 m con ángulos de refuerzo","un","1.5","1200000","","","","0","40"
"P-2026-003","1/9/2026","BORRADOR","MAO Shell Pai Puku","Reacondicionamiento del sistema de desagüe y mantenimiento general — Shell Pai Puku","PYG","92815721","Adecuación integral del sistema de tratamiento y disposición de efluentes","MATERIAL","Tapas metálicas de inspección 30x30 cm","un","4","150000","","","","0","40"
"P-2026-003","1/9/2026","BORRADOR","MAO Shell Pai Puku","Reacondicionamiento del sistema de desagüe y mantenimiento general — Shell Pai Puku","PYG","92815721","Adecuación integral del sistema de tratamiento y disposición de efluentes","MATERIAL","Tapa para caseta de soplador","un","2","150000","","","","0","40"
"P-2026-003","1/9/2026","BORRADOR","MAO Shell Pai Puku","Reacondicionamiento del sistema de desagüe y mantenimiento general — Shell Pai Puku","PYG","92815721","Adecuación integral del sistema de tratamiento y disposición de efluentes","MATERIAL","Cables y canalización eléctrica para soplador","gl","2","500000","","","","0","40"
"P-2026-003","1/9/2026","BORRADOR","MAO Shell Pai Puku","Reacondicionamiento del sistema de desagüe y mantenimiento general — Shell Pai Puku","PYG","92815721","Adecuación integral del sistema de tratamiento y disposición de efluentes","MANO_OBRA","Mano de obra y montaje","h","","","1","1","4252640","","74"
"P-2026-004","1/9/2026","BORRADOR","Shell Villeta","Instalación de sistema de tratamiento de aguas residuales — Shell Villeta","PYG","75628893","Registro y empalme con la red existente","MATERIAL","Ladrillos comunes para registro","un","200","700","","","","0","40"
"P-2026-004","1/9/2026","BORRADOR","Shell Villeta","Instalación de sistema de tratamiento de aguas residuales — Shell Villeta","PYG","75628893","Registro y empalme con la red existente","MATERIAL","Cemento portland x 50 kg","bolsa","3","72000","","","","0","40"
"P-2026-004","1/9/2026","BORRADOR","Shell Villeta","Instalación de sistema de tratamiento de aguas residuales — Shell Villeta","PYG","75628893","Registro y empalme con la red existente","MATERIAL","Arena lavada de río","m3","1","110000","","","","0","40"
"P-2026-004","1/9/2026","BORRADOR","Shell Villeta","Instalación de sistema de tratamiento de aguas residuales — Shell Villeta","PYG","75628893","Registro y empalme con la red existente","MATERIAL","Tapa para registro 40x40 cm","un","2","150000","","","","0","40"
"P-2026-004","1/9/2026","BORRADOR","Shell Villeta","Instalación de sistema de tratamiento de aguas residuales — Shell Villeta","PYG","75628893","Registro y empalme con la red existente","MATERIAL","Tapas metálicas de inspección 30x30 cm","un","2","150000","","","","0","40"
"P-2026-004","1/9/2026","BORRADOR","Shell Villeta","Instalación de sistema de tratamiento de aguas residuales — Shell Villeta","PYG","75628893","Registro y empalme con la red existente","MANO_OBRA","Mampostería y revoque impermeable del registro","h","","","1","1","560000","","74"
"P-2026-004","1/9/2026","BORRADOR","Shell Villeta","Instalación de sistema de tratamiento de aguas residuales — Shell Villeta","PYG","75628893","Biodigestores aeróbicos — provisión y montaje de 2 módulos","MATERIAL","Módulo de tratamiento biológico aeróbico UNIFAM","un","2","14500000","","","","0","40"
"P-2026-004","1/9/2026","BORRADOR","Shell Villeta","Instalación de sistema de tratamiento de aguas residuales — Shell Villeta","PYG","75628893","Biodigestores aeróbicos — provisión y montaje de 2 módulos","MATERIAL","Tapa metálica de biodigestor en chapa antideslizante 1,40 x 1,40 m con ángulos de refuerzo","un","1.5","1200000","","","","0","40"
"P-2026-004","1/9/2026","BORRADOR","Shell Villeta","Instalación de sistema de tratamiento de aguas residuales — Shell Villeta","PYG","75628893","Biodigestores aeróbicos — provisión y montaje de 2 módulos","MATERIAL","Tapa para caseta de soplador","un","2","150000","","","","0","40"
"P-2026-004","1/9/2026","BORRADOR","Shell Villeta","Instalación de sistema de tratamiento de aguas residuales — Shell Villeta","PYG","75628893","Biodigestores aeróbicos — provisión y montaje de 2 módulos","MATERIAL","Ladrillos comunes para caseta de soplador","un","300","700","","","","0","40"
"P-2026-004","1/9/2026","BORRADOR","Shell Villeta","Instalación de sistema de tratamiento de aguas residuales — Shell Villeta","PYG","75628893","Biodigestores aeróbicos — provisión y montaje de 2 módulos","MATERIAL","Cemento portland x 50 kg","bolsa","5","72000","","","","0","40"
"P-2026-004","1/9/2026","BORRADOR","Shell Villeta","Instalación de sistema de tratamiento de aguas residuales — Shell Villeta","PYG","75628893","Biodigestores aeróbicos — provisión y montaje de 2 módulos","MATERIAL","Arena lavada de río (colchón y relleno)","m3","3","110000","","","","0","40"
"P-2026-004","1/9/2026","BORRADOR","Shell Villeta","Instalación de sistema de tratamiento de aguas residuales — Shell Villeta","PYG","75628893","Biodigestores aeróbicos — provisión y montaje de 2 módulos","MATERIAL","Piedra triturada (base de hormigón)","m3","1","160000","","","","0","40"
"P-2026-004","1/9/2026","BORRADOR","Shell Villeta","Instalación de sistema de tratamiento de aguas residuales — Shell Villeta","PYG","75628893","Biodigestores aeróbicos — provisión y montaje de 2 módulos","MATERIAL","Cables y canalización eléctrica para soplador","gl","2","500000","","","","0","40"
"P-2026-004","1/9/2026","BORRADOR","Shell Villeta","Instalación de sistema de tratamiento de aguas residuales — Shell Villeta","PYG","75628893","Biodigestores aeróbicos — provisión y montaje de 2 módulos","MANO_OBRA","Excavación de fosas, base de hormigón, posicionado, relleno de arena, compactado, caseta de soplador e instalación eléctrica","h","","","1","1","2279040","","74"
"P-2026-004","1/9/2026","BORRADOR","Shell Villeta","Instalación de sistema de tratamiento de aguas residuales — Shell Villeta","PYG","75628893","Tanque reservorio de 2.000 litros con cámara clarificadora","MATERIAL","Tanque de 2.000 litros","un","1","2394068","","","","0","40"
"P-2026-004","1/9/2026","BORRADOR","Shell Villeta","Instalación de sistema de tratamiento de aguas residuales — Shell Villeta","PYG","75628893","Tanque reservorio de 2.000 litros con cámara clarificadora","MATERIAL","Caño de PVC de 150 mm","un","1","171000","","","","0","40"
"P-2026-004","1/9/2026","BORRADOR","Shell Villeta","Instalación de sistema de tratamiento de aguas residuales — Shell Villeta","PYG","75628893","Tanque reservorio de 2.000 litros con cámara clarificadora","MATERIAL","Tapón de 150 mm","un","2","20000","","","","0","40"
"P-2026-004","1/9/2026","BORRADOR","Shell Villeta","Instalación de sistema de tratamiento de aguas residuales — Shell Villeta","PYG","75628893","Tanque reservorio de 2.000 litros con cámara clarificadora","MATERIAL","Pegamento para PVC","un","1","45000","","","","0","40"
"P-2026-004","1/9/2026","BORRADOR","Shell Villeta","Instalación de sistema de tratamiento de aguas residuales — Shell Villeta","PYG","75628893","Tanque reservorio de 2.000 litros con cámara clarificadora","MANO_OBRA","Base de hormigón, montaje y nivelación del reservorio","h","","","1","1","400000","","74"
"P-2026-004","1/9/2026","BORRADOR","Shell Villeta","Instalación de sistema de tratamiento de aguas residuales — Shell Villeta","PYG","75628893","Cañería de interconexión y desagüe final","MATERIAL","Caño de PVC de 100 mm","un","6","75000","","","","0","40"
"P-2026-004","1/9/2026","BORRADOR","Shell Villeta","Instalación de sistema de tratamiento de aguas residuales — Shell Villeta","PYG","75628893","Cañería de interconexión y desagüe final","MATERIAL","Pegamento para PVC","un","1","45000","","","","0","40"
"P-2026-004","1/9/2026","BORRADOR","Shell Villeta","Instalación de sistema de tratamiento de aguas residuales — Shell Villeta","PYG","75628893","Cañería de interconexión y desagüe final","MATERIAL","Arena lavada de río (colchón de cañería)","m3","1","110000","","","","0","40"
"P-2026-004","1/9/2026","BORRADOR","Shell Villeta","Instalación de sistema de tratamiento de aguas residuales — Shell Villeta","PYG","75628893","Cañería de interconexión y desagüe final","MANO_OBRA","Excavación de zanja y tendido de cañería Ø 100 mm con colchón de arena","h","","","1","1","813600","","74"
"P-2026-004","1/9/2026","BORRADOR","Shell Villeta","Instalación de sistema de tratamiento de aguas residuales — Shell Villeta","PYG","75628893","Movilización y puesta en marcha del sistema","MATERIAL","Movilización de personal y equipos, viáticos y estadía","gl","1","1330000","","","","0","40"
"P-2026-005","1/8/2026","BORRADOR","Shell Caacupé","Poda de árbol y retiro","PYG","7286400","Poda, corte y retiro de 3 árboles","MATERIAL","Poda, corte y retiro de 3 árboles","un","3","1536000","","","","0","0"
"P-2026-005","1/8/2026","BORRADOR","Shell Caacupé","Poda de árbol y retiro","PYG","7286400","Retiro","MATERIAL","Retiro","gl","3","672000","","","","0","0"
"P-2026-006","1/9/2026","BORRADOR","Tigre","Fabricación de tolva de descarga en acero inoxidable","PYG","5938900","Tolva de descarga en acero inoxidable","MATERIAL","Chapa inoxidable AISI 304 2B, esp. 2 mm, 1220 x 2440 mm","un","1","2650000","","","","0","0"
"P-2026-006","1/9/2026","BORRADOR","Tigre","Fabricación de tolva de descarga en acero inoxidable","PYG","5938900","Tolva de descarga en acero inoxidable","MATERIAL","Planchuela inoxidable 304 1/8"" x 1"" — aro de refuerzo de boca","m","1.2","95000","","","","0","0"
"P-2026-006","1/9/2026","BORRADOR","Tigre","Fabricación de tolva de descarga en acero inoxidable","PYG","5938900","Tolva de descarga en acero inoxidable","MATERIAL","Varilla de aporte TIG 308L Ø 2,4 mm","kg","1","185000","","","","0","0"
"P-2026-006","1/9/2026","BORRADOR","Tigre","Fabricación de tolva de descarga en acero inoxidable","PYG","5938900","Tolva de descarga en acero inoxidable","MATERIAL","Gas argón — consumo de soldadura","gl","1","220000","","","","0","0"
"P-2026-006","1/9/2026","BORRADOR","Tigre","Fabricación de tolva de descarga en acero inoxidable","PYG","5938900","Tolva de descarga en acero inoxidable","MATERIAL","Discos de corte y desbaste, flap y lijas","gl","1","180000","","","","0","0"
"P-2026-006","1/9/2026","BORRADOR","Tigre","Fabricación de tolva de descarga en acero inoxidable","PYG","5938900","Tolva de descarga en acero inoxidable","MATERIAL","Decapado y pasivado — gel y neutralizante","gl","1","150000","","","","0","0"
"P-2026-006","1/9/2026","BORRADOR","Tigre","Fabricación de tolva de descarga en acero inoxidable","PYG","5938900","Tolva de descarga en acero inoxidable","MANO_OBRA","Trazado, desarrollo de plantillas y corte","h","","","1","8","45000","","0"
"P-2026-006","1/9/2026","BORRADOR","Tigre","Fabricación de tolva de descarga en acero inoxidable","PYG","5938900","Tolva de descarga en acero inoxidable","MANO_OBRA","Rolado y conformado de virolas y cono","h","","","1","10","45000","","0"
"P-2026-006","1/9/2026","BORRADOR","Tigre","Fabricación de tolva de descarga en acero inoxidable","PYG","5938900","Tolva de descarga en acero inoxidable","MANO_OBRA","Armado y soldadura TIG","h","","","1","14","55000","","0"
"P-2026-006","1/9/2026","BORRADOR","Tigre","Fabricación de tolva de descarga en acero inoxidable","PYG","5938900","Tolva de descarga en acero inoxidable","MANO_OBRA","Pulido, terminación y control final","h","","","1","8","40000","","0"
"P-2026-007","1/9/2026","BORRADOR","Shell San Juan del Paraná","Provisión de agua, maquinaria, arena y retiro de tierra excavada","PYG","106161000","Provisión de agua para llenado de tanque","MATERIAL","Camión cisterna con bomba, contratado en la zona — 10.000 L por viaje","vje","9","900000","","","","0","0"
"P-2026-007","1/9/2026","BORRADOR","Shell San Juan del Paraná","Provisión de agua, maquinaria, arena y retiro de tierra excavada","PYG","106161000","Provisión de maquinaria — retroexcavadora / retrogrúa","MATERIAL","Alquiler de retroexcavadora","h","15","350000","","","","0","0"
"P-2026-007","1/9/2026","BORRADOR","Shell San Juan del Paraná","Provisión de agua, maquinaria, arena y retiro de tierra excavada","PYG","106161000","Provisión de maquinaria — retroexcavadora / retrogrúa","MATERIAL","Combustible diésel de la máquina — 12 l/h","l","180","9500","","","","0","0"
"P-2026-007","1/9/2026","BORRADOR","Shell San Juan del Paraná","Provisión de agua, maquinaria, arena y retiro de tierra excavada","PYG","106161000","Provisión de maquinaria — retroexcavadora / retrogrúa","MANO_OBRA","Operador de máquina","h","","","1","15","60000","","0"
"P-2026-007","1/9/2026","BORRADOR","Shell San Juan del Paraná","Provisión de agua, maquinaria, arena y retiro de tierra excavada","PYG","106161000","Provisión de arena lavada del río","MATERIAL","Arena lavada del río, puesta en obra","m3","350","115000","","","","0","0"
"P-2026-007","1/9/2026","BORRADOR","Shell San Juan del Paraná","Provisión de agua, maquinaria, arena y retiro de tierra excavada","PYG","106161000","Retiro de tierra excavada","MATERIAL","Camión volquete — carga, transporte y descarga en vertedero autorizado","carga","36","450000","","","","0","0"
"P-2026-007","1/9/2026","BORRADOR","Shell San Juan del Paraná","Provisión de agua, maquinaria, arena y retiro de tierra excavada","PYG","106161000","Traslado de maquinaria a San Juan del Paraná","MATERIAL","Camión cama baja, Asunción — San Juan del Paraná, ida y vuelta (346 km por trayecto)","i/v","1","6200000","","","","0","0"
"P-2026-007","1/9/2026","BORRADOR","Shell San Juan del Paraná","Provisión de agua, maquinaria, arena y retiro de tierra excavada","PYG","106161000","Traslado de maquinaria a San Juan del Paraná","MATERIAL","Peajes, balanza y permisos de circulación de carga especial","gl","1","1300000","","","","0","0"
"P-2026-007","1/9/2026","BORRADOR","Shell San Juan del Paraná","Provisión de agua, maquinaria, arena y retiro de tierra excavada","PYG","106161000","Movilización, estadía y gastos de obra","MATERIAL","Alojamiento del personal — 3 personas x 10 días","día","30","150000","","","","0","0"
"P-2026-007","1/9/2026","BORRADOR","Shell San Juan del Paraná","Provisión de agua, maquinaria, arena y retiro de tierra excavada","PYG","106161000","Movilización, estadía y gastos de obra","MATERIAL","Viáticos y alimentación — 3 personas x 10 días","día","30","100000","","","","0","0"
"P-2026-007","1/9/2026","BORRADOR","Shell San Juan del Paraná","Provisión de agua, maquinaria, arena y retiro de tierra excavada","PYG","106161000","Movilización, estadía y gastos de obra","MATERIAL","Movilidad local en obra — camioneta de apoyo","día","10","250000","","","","0","0"
"P-2026-007","1/9/2026","BORRADOR","Shell San Juan del Paraná","Provisión de agua, maquinaria, arena y retiro de tierra excavada","PYG","106161000","Movilización, estadía y gastos de obra","MATERIAL","Combustible y peajes de la camioneta, ida y vuelta","gl","1","1800000","","","","0","0"
"P-2026-007","1/9/2026","BORRADOR","Shell San Juan del Paraná","Provisión de agua, maquinaria, arena y retiro de tierra excavada","PYG","106161000","Movilización, estadía y gastos de obra","MATERIAL","Seguros de obra y de equipos en tránsito","gl","1","1200000","","","","0","0"
"P-2026-007","1/9/2026","BORRADOR","Shell San Juan del Paraná","Provisión de agua, maquinaria, arena y retiro de tierra excavada","PYG","106161000","Movilización, estadía y gastos de obra","MANO_OBRA","Supervisión técnica en obra — 10 días","h","","","1","80","45000","","0"
"P-2026-012","3/9/2026","BORRADOR","Estela Garcete","Provisión de materiales de albañilería","PYG","9921000","PROVISIÓN DE MATERIALES DE ALBAÑILERÍA","MATERIAL","Ladrillo común","un","8000","900","","","","0","0"
"P-2026-012","3/9/2026","BORRADOR","Estela Garcete","Provisión de materiales de albañilería","PYG","9921000","PROVISIÓN DE MATERIALES DE ALBAÑILERÍA","MATERIAL","Cemento Portland","bls","35","68000","","","","0","0"
"P-2026-012","3/9/2026","BORRADOR","Estela Garcete","Provisión de materiales de albañilería","PYG","9921000","PROVISIÓN DE MATERIALES DE ALBAÑILERÍA","MATERIAL","Alambre de atar","kg","4","20000","","","","0","0"
"P-2026-012","3/9/2026","BORRADOR","Estela Garcete","Provisión de materiales de albañilería","PYG","9921000","PROVISIÓN DE MATERIALES DE ALBAÑILERÍA","MATERIAL","Murokal 5 litros","un","1","55000","","","","0","0"
"P-2026-012","3/9/2026","BORRADOR","Estela Garcete","Provisión de materiales de albañilería","PYG","9921000","PROVISIÓN DE MATERIALES DE ALBAÑILERÍA","MATERIAL","Balde de albañil","un","3","12000","","","","0","0"
"P-2026-012","3/9/2026","BORRADOR","Estela Garcete","Provisión de materiales de albañilería","PYG","9921000","PROVISIÓN DE MATERIALES DE ALBAÑILERÍA","MATERIAL","Cuchara de albañil Bellota","un","2","35000","","","","0","0"
"P-2026-012","3/9/2026","BORRADOR","Estela Garcete","Provisión de materiales de albañilería","PYG","9921000","PROVISIÓN DE MATERIALES DE ALBAÑILERÍA","MATERIAL","Delivery","gl","1","100000","","","","0","0"
"P-2026-013","3/9/2026","BORRADOR","","Reparaciones varias — salón y vereda","PYG","5286400","Cambio de azulejos — sector salón","MATERIAL","Azulejo símil existente 40 x 40","un","4","45000","","","","0","0"
"P-2026-013","3/9/2026","BORRADOR","","Reparaciones varias — salón y vereda","PYG","5286400","Cambio de azulejos — sector salón","MATERIAL","Pegamento para cerámica 25 kg","bls","1","55000","","","","0","0"
"P-2026-013","3/9/2026","BORRADOR","","Reparaciones varias — salón y vereda","PYG","5286400","Cambio de azulejos — sector salón","MATERIAL","Pastina para juntas 1 kg","un","1","25000","","","","0","0"
"P-2026-013","3/9/2026","BORRADOR","","Reparaciones varias — salón y vereda","PYG","5286400","Cambio de azulejos — sector salón","MANO_OBRA","Albañil — retiro y colocación","h","","","1","6","30000","","0"
"P-2026-013","3/9/2026","BORRADOR","","Reparaciones varias — salón y vereda","PYG","5286400","Cambio de azulejos — sector salón","MANO_OBRA","Ayudante","h","","","1","6","20000","","0"
"P-2026-013","3/9/2026","BORRADOR","","Reparaciones varias — salón y vereda","PYG","5286400","Cielorraso de salón — reparación, masillado y pintura","MATERIAL","Masilla plástica para interior 25 kg","un","1","165000","","","","0","0"
"P-2026-013","3/9/2026","BORRADOR","","Reparaciones varias — salón y vereda","PYG","5286400","Cielorraso de salón — reparación, masillado y pintura","MATERIAL","Sellador fijador 3,6 lt","un","1","68000","","","","0","0"
"P-2026-013","3/9/2026","BORRADOR","","Reparaciones varias — salón y vereda","PYG","5286400","Cielorraso de salón — reparación, masillado y pintura","MATERIAL","Látex interior blanco 18 lt","un","1","320000","","","","0","0"
"P-2026-013","3/9/2026","BORRADOR","","Reparaciones varias — salón y vereda","PYG","5286400","Cielorraso de salón — reparación, masillado y pintura","MATERIAL","Lija al agua N° 120","un","6","2400","","","","0","0"
"P-2026-013","3/9/2026","BORRADOR","","Reparaciones varias — salón y vereda","PYG","5286400","Cielorraso de salón — reparación, masillado y pintura","MATERIAL","Cinta de papel y accesorios de pintura","gl","1","35000","","","","0","0"
"P-2026-013","3/9/2026","BORRADOR","","Reparaciones varias — salón y vereda","PYG","5286400","Cielorraso de salón — reparación, masillado y pintura","MANO_OBRA","Pintor — raspado, masillado, lijado y dos manos","h","","","2","24","30000","","0"
"P-2026-013","3/9/2026","BORRADOR","","Reparaciones varias — salón y vereda","PYG","5286400","Piso de vereda — reposición de baldosón 40 x 40","MATERIAL","Baldosón 40 x 40","un","24","38000","","","","0","0"
"P-2026-013","3/9/2026","BORRADOR","","Reparaciones varias — salón y vereda","PYG","5286400","Piso de vereda — reposición de baldosón 40 x 40","MATERIAL","Arena lavada","m3","1","180000","","","","0","0"
"P-2026-013","3/9/2026","BORRADOR","","Reparaciones varias — salón y vereda","PYG","5286400","Piso de vereda — reposición de baldosón 40 x 40","MATERIAL","Piedra triturada para relleno","m3","1","220000","","","","0","0"
"P-2026-013","3/9/2026","BORRADOR","","Reparaciones varias — salón y vereda","PYG","5286400","Piso de vereda — reposición de baldosón 40 x 40","MATERIAL","Cemento Portland","bls","4","68000","","","","0","0"
"P-2026-013","3/9/2026","BORRADOR","","Reparaciones varias — salón y vereda","PYG","5286400","Piso de vereda — reposición de baldosón 40 x 40","MATERIAL","Pastina para juntas 1 kg","un","2","25000","","","","0","0"
"P-2026-013","3/9/2026","BORRADOR","","Reparaciones varias — salón y vereda","PYG","5286400","Piso de vereda — reposición de baldosón 40 x 40","MANO_OBRA","Albañil — retiro, compactación y colocación","h","","","1","16","30000","","0"
"P-2026-013","3/9/2026","BORRADOR","","Reparaciones varias — salón y vereda","PYG","5286400","Piso de vereda — reposición de baldosón 40 x 40","MANO_OBRA","Ayudante","h","","","1","16","20000","","0"
"P-2026-015","3/9/2026","BORRADOR","La Administradora","Edificio Barcelona — bañera y pérdida de agua","PYG","5313200","Protección de muebles y ambientes","MATERIAL","Plancha de aislapol 1 x 1 m — 20 mm","un","12","28000","","","","0","0"
"P-2026-015","3/9/2026","BORRADOR","La Administradora","Edificio Barcelona — bañera y pérdida de agua","PYG","5313200","Protección de muebles y ambientes","MATERIAL","Nylon de protección 4 x 5 m","un","2","45000","","","","0","0"
"P-2026-015","3/9/2026","BORRADOR","La Administradora","Edificio Barcelona — bañera y pérdida de agua","PYG","5313200","Protección de muebles y ambientes","MATERIAL","Cinta de papel y de embalaje","un","6","12000","","","","0","0"
"P-2026-015","3/9/2026","BORRADOR","La Administradora","Edificio Barcelona — bañera y pérdida de agua","PYG","5313200","Protección de muebles y ambientes","MANO_OBRA","Ayudante — cubierta y retiro de la protección","h","","","2","4","20000","","0"
"P-2026-015","3/9/2026","BORRADOR","La Administradora","Edificio Barcelona — bañera y pérdida de agua","PYG","5313200","Desmontaje y remontaje de bañera","MATERIAL","Silicona sanitaria neutra","un","3","45000","","","","0","0"
"P-2026-015","3/9/2026","BORRADOR","La Administradora","Edificio Barcelona — bañera y pérdida de agua","PYG","5313200","Desmontaje y remontaje de bañera","MATERIAL","Espuma de poliuretano y sellador acrílico","un","2","55000","","","","0","0"
"P-2026-015","3/9/2026","BORRADOR","La Administradora","Edificio Barcelona — bañera y pérdida de agua","PYG","5313200","Desmontaje y remontaje de bañera","MATERIAL","Flexibles y accesorios de desagüe","gl","1","220000","","","","0","0"
"P-2026-015","3/9/2026","BORRADOR","La Administradora","Edificio Barcelona — bañera y pérdida de agua","PYG","5313200","Desmontaje y remontaje de bañera","MATERIAL","Perfiles y tacos de fijación","gl","1","90000","","","","0","0"
"P-2026-015","3/9/2026","BORRADOR","La Administradora","Edificio Barcelona — bañera y pérdida de agua","PYG","5313200","Desmontaje y remontaje de bañera","MANO_OBRA","Plomero especializado — desmontaje y montaje","h","","","1","16","45000","","0"
"P-2026-015","3/9/2026","BORRADOR","La Administradora","Edificio Barcelona — bañera y pérdida de agua","PYG","5313200","Desmontaje y remontaje de bañera","MANO_OBRA","Ayudante","h","","","1","16","20000","","0"
"P-2026-015","3/9/2026","BORRADOR","La Administradora","Edificio Barcelona — bañera y pérdida de agua","PYG","5313200","Apertura de pared y reposición de cañería","MATERIAL","Caño de termofusión 25 mm","ml","6","22000","","","","0","0"
"P-2026-015","3/9/2026","BORRADOR","La Administradora","Edificio Barcelona — bañera y pérdida de agua","PYG","5313200","Apertura de pared y reposición de cañería","MATERIAL","Accesorios de termofusión — codos, cuplas y TE","gl","1","150000","","","","0","0"
"P-2026-015","3/9/2026","BORRADOR","La Administradora","Edificio Barcelona — bañera y pérdida de agua","PYG","5313200","Apertura de pared y reposición de cañería","MATERIAL","Cemento Portland","bls","2","68000","","","","0","0"
"P-2026-015","3/9/2026","BORRADOR","La Administradora","Edificio Barcelona — bañera y pérdida de agua","PYG","5313200","Apertura de pared y reposición de cañería","MATERIAL","Arena lavada","m3","1","180000","","","","0","0"
"P-2026-015","3/9/2026","BORRADOR","La Administradora","Edificio Barcelona — bañera y pérdida de agua","PYG","5313200","Apertura de pared y reposición de cañería","MANO_OBRA","Plomero — búsqueda de la pérdida y reposición","h","","","1","10","45000","","0"
"P-2026-015","3/9/2026","BORRADOR","La Administradora","Edificio Barcelona — bañera y pérdida de agua","PYG","5313200","Apertura de pared y reposición de cañería","MANO_OBRA","Albañil — apertura y cierre de la pared","h","","","1","10","30000","","0"
"P-2026-015","3/9/2026","BORRADOR","La Administradora","Edificio Barcelona — bañera y pérdida de agua","PYG","5313200","Revoque, masillado y pintura","MATERIAL","Mortero premezclado 30 kg","bls","2","45000","","","","0","0"
"P-2026-015","3/9/2026","BORRADOR","La Administradora","Edificio Barcelona — bañera y pérdida de agua","PYG","5313200","Revoque, masillado y pintura","MATERIAL","Masilla plástica para interior 25 kg","un","1","165000","","","","0","0"
"P-2026-015","3/9/2026","BORRADOR","La Administradora","Edificio Barcelona — bañera y pérdida de agua","PYG","5313200","Revoque, masillado y pintura","MATERIAL","Sellador fijador 3,6 lt","un","1","68000","","","","0","0"
"P-2026-015","3/9/2026","BORRADOR","La Administradora","Edificio Barcelona — bañera y pérdida de agua","PYG","5313200","Revoque, masillado y pintura","MATERIAL","Látex interior blanco 18 lt","un","1","320000","","","","0","0"
"P-2026-015","3/9/2026","BORRADOR","La Administradora","Edificio Barcelona — bañera y pérdida de agua","PYG","5313200","Revoque, masillado y pintura","MATERIAL","Lija al agua N° 120","un","8","2400","","","","0","0"
"P-2026-015","3/9/2026","BORRADOR","La Administradora","Edificio Barcelona — bañera y pérdida de agua","PYG","5313200","Revoque, masillado y pintura","MANO_OBRA","Albañil — revoque de la zona reparada","h","","","1","8","30000","","0"
"P-2026-015","3/9/2026","BORRADOR","La Administradora","Edificio Barcelona — bañera y pérdida de agua","PYG","5313200","Revoque, masillado y pintura","MANO_OBRA","Pintor — masillado, lijado y dos manos","h","","","1","16","30000","","0"
"P-2026-016","3/9/2026","BORRADOR","TWG S.A.","Construcción de galpón industrial 2000 m² — Hernandarias (50,00 x 40,00 mts)","PYG","1990348078","A · Trabajos preliminares","MATERIAL","Provisión y montaje de cartel de obra de 3.00 x 2.00 m de chapa negra Nº 24 con armazón de hierro galvanizado y pintado con esmalte sintético.","und.","1","4025000","","","","0","0"
"P-2026-016","3/9/2026","BORRADOR","TWG S.A.","Construcción de galpón industrial 2000 m² — Hernandarias (50,00 x 40,00 mts)","PYG","1990348078","A · Trabajos preliminares","MATERIAL","Instalación provisoria de agua. Para ejecución de obra.","gl.","1","3450000","","","","0","0"
"P-2026-016","3/9/2026","BORRADOR","TWG S.A.","Construcción de galpón industrial 2000 m² — Hernandarias (50,00 x 40,00 mts)","PYG","1990348078","A · Trabajos preliminares","MATERIAL","Instalación provisoria de energia eléctrica. Para ejecución de obra.","gl.","1","4600000","","","","0","0"
"P-2026-016","3/9/2026","BORRADOR","TWG S.A.","Construcción de galpón industrial 2000 m² — Hernandarias (50,00 x 40,00 mts)","PYG","1990348078","A · Trabajos preliminares","MATERIAL","Iluminación provisoria de obra.","gl.","1","2300000","","","","0","0"
"P-2026-016","3/9/2026","BORRADOR","TWG S.A.","Construcción de galpón industrial 2000 m² — Hernandarias (50,00 x 40,00 mts)","PYG","1990348078","A · Trabajos preliminares","MATERIAL","Construcción provisoria de obrador con taller, deposito y duchas","gl.","1","34500000","","","","0","0"
"P-2026-016","3/9/2026","BORRADOR","TWG S.A.","Construcción de galpón industrial 2000 m² — Hernandarias (50,00 x 40,00 mts)","PYG","1990348078","A · Trabajos preliminares","MATERIAL","Obras de Albañilería varias para instalaciones provisorias.","gl.","1","2300000","","","","0","0"
"P-2026-016","3/9/2026","BORRADOR","TWG S.A.","Construcción de galpón industrial 2000 m² — Hernandarias (50,00 x 40,00 mts)","PYG","1990348078","A · Trabajos preliminares","MATERIAL","Desmonte de instalaciones provisorias.","gl.","1","1725000","","","","0","0"
"P-2026-016","3/9/2026","BORRADOR","TWG S.A.","Construcción de galpón industrial 2000 m² — Hernandarias (50,00 x 40,00 mts)","PYG","1990348078","A · Trabajos preliminares","MATERIAL","Alquiler de contenedor con oficina","meses","4","3335000","","","","0","0"
"P-2026-016","3/9/2026","BORRADOR","TWG S.A.","Construcción de galpón industrial 2000 m² — Hernandarias (50,00 x 40,00 mts)","PYG","1990348078","A · Trabajos preliminares","MATERIAL","Alquiler de 2 Sanitarios portátiles","meses","4","2070000","","","","0","0"
"P-2026-016","3/9/2026","BORRADOR","TWG S.A.","Construcción de galpón industrial 2000 m² — Hernandarias (50,00 x 40,00 mts)","PYG","1990348078","B · Estructura de hormigón prefabricado","MATERIAL","Marcacion de Obras y relevamiento","gl.","1","1568181","","","","0","0"
"P-2026-016","3/9/2026","BORRADOR","TWG S.A.","Construcción de galpón industrial 2000 m² — Hernandarias (50,00 x 40,00 mts)","PYG","1990348078","B · Estructura de hormigón prefabricado","MATERIAL","Equipos de seguridad","gl.","1","1568181","","","","0","0"
"P-2026-016","3/9/2026","BORRADOR","TWG S.A.","Construcción de galpón industrial 2000 m² — Hernandarias (50,00 x 40,00 mts)","PYG","1990348078","B · Estructura de hormigón prefabricado","MATERIAL","Pilotes de 100 cm de diametro (1,00D x 3,00 mts) 43 und","m3.","101.27","2482955","","","","0","0"
"P-2026-016","3/9/2026","BORRADOR","TWG S.A.","Construcción de galpón industrial 2000 m² — Hernandarias (50,00 x 40,00 mts)","PYG","1990348078","B · Estructura de hormigón prefabricado","MATERIAL","Provisión y montaje de pilares C1 (0,30 x 0,50) x 9,00 mts 34 und","m3.","45.9","4419215","","","","0","0"
"P-2026-016","3/9/2026","BORRADOR","TWG S.A.","Construcción de galpón industrial 2000 m² — Hernandarias (50,00 x 40,00 mts)","PYG","1990348078","B · Estructura de hormigón prefabricado","MATERIAL","Provisión y montaje de pilares C2 (0,30 x 0,40) x 11,50 mts 9 und","m3.","12.42","4419215","","","","0","0"
"P-2026-016","3/9/2026","BORRADOR","TWG S.A.","Construcción de galpón industrial 2000 m² — Hernandarias (50,00 x 40,00 mts)","PYG","1990348078","B · Estructura de hormigón prefabricado","MATERIAL","Paredes de placas prefabricadas P1 (1,50 x 4,81) 132 und","m3.","76.19","3312603","","","","0","0"
"P-2026-016","3/9/2026","BORRADOR","TWG S.A.","Construcción de galpón industrial 2000 m² — Hernandarias (50,00 x 40,00 mts)","PYG","1990348078","B · Estructura de hormigón prefabricado","MATERIAL","Paredes de placas prefabricadas P2 (1,00 x 4,81) 2 und","m3.","0.77","3312603","","","","0","0"
"P-2026-016","3/9/2026","BORRADOR","TWG S.A.","Construcción de galpón industrial 2000 m² — Hernandarias (50,00 x 40,00 mts)","PYG","1990348078","B · Estructura de hormigón prefabricado","MATERIAL","Paredes de placas prefabricadas P3 (1,50 x 4,61) 20 und","m3.","11.06","3312603","","","","0","0"
"P-2026-016","3/9/2026","BORRADOR","TWG S.A.","Construcción de galpón industrial 2000 m² — Hernandarias (50,00 x 40,00 mts)","PYG","1990348078","B · Estructura de hormigón prefabricado","MATERIAL","Paredes de placas prefabricadas P4 (1,50 x 4,76) 20 und","m3.","11.42","3312603","","","","0","0"
"P-2026-016","3/9/2026","BORRADOR","TWG S.A.","Construcción de galpón industrial 2000 m² — Hernandarias (50,00 x 40,00 mts)","PYG","1990348078","C.1 · Herrería — estructura de techo","MATERIAL","Herrería","un.","24","569250","","","","0","0"
"P-2026-016","3/9/2026","BORRADOR","TWG S.A.","Construcción de galpón industrial 2000 m² — Hernandarias (50,00 x 40,00 mts)","PYG","1990348078","C.1 · Herrería — estructura de techo","MATERIAL","Fabricación y montaje de estructura metálica según calculo e ingeniería. Se contempla la entrega de memoria de calculo bajo norma de viento paraguaya hasta 180 km/h. Propuesta estructural reticulada, correas en perfil ""C"" plegada de forma mecánica. Según planta recibida de largo 50,00 mts de fondo 40,00 mts en una caída. OBS: Estructura metálica preparada para apoyar sobre pilares metálicos a ser proveído por el cliente.","m2.","2000","251563","","","","0","0"
"P-2026-016","3/9/2026","BORRADOR","TWG S.A.","Construcción de galpón industrial 2000 m² — Hernandarias (50,00 x 40,00 mts)","PYG","1990348078","C.1 · Herrería — estructura de techo","MATERIAL","Provisión de chapa galvalume N° 26. Se contempla la mano de obra calificada para el montaje + los accesorios para la fijación.","m2.","2000","74750","","","","0","0"
"P-2026-016","3/9/2026","BORRADOR","TWG S.A.","Construcción de galpón industrial 2000 m² — Hernandarias (50,00 x 40,00 mts)","PYG","1990348078","C.1 · Herrería — estructura de techo","MATERIAL","Pintura general de estructura metálica de techo; base con anti óxido + esmalte sintético de terminación color grafito oscuro; aplicado en fábrica con sistema Airless y retoques en obra.","m2.","2000","23000","","","","0","0"
"P-2026-016","3/9/2026","BORRADOR","TWG S.A.","Construcción de galpón industrial 2000 m² — Hernandarias (50,00 x 40,00 mts)","PYG","1990348078","C.1 · Herrería — estructura de techo","MATERIAL","Pilares laterales. Conformado según ingeniería.","ml.","13.62","1127000","","","","0","0"
"P-2026-016","3/9/2026","BORRADOR","TWG S.A.","Construcción de galpón industrial 2000 m² — Hernandarias (50,00 x 40,00 mts)","PYG","1990348078","C.1 · Herrería — estructura de techo","MATERIAL","Fabricación y montaje de cerramiento tipo cenefa. * 0,70 mts de altura x 80,00 mts de largo. Lado canaleta. * 195,2 cerramiento ambos lados del tímpano (97,6 m2 aproximado cada lado).","m2.","251.2","138000","","","","0","0"
"P-2026-016","3/9/2026","BORRADOR","TWG S.A.","Construcción de galpón industrial 2000 m² — Hernandarias (50,00 x 40,00 mts)","PYG","1990348078","C.1 · Herrería — estructura de techo","MATERIAL","Provisión y colocación de chapa galvalume trapezoidal. Se contempla la mano de obra calificada para el montaje + los accesorios para la fijación.","m2.","251.2","109490","","","","0","0"
"P-2026-016","3/9/2026","BORRADOR","TWG S.A.","Construcción de galpón industrial 2000 m² — Hernandarias (50,00 x 40,00 mts)","PYG","1990348078","C.1 · Herrería — estructura de techo","MATERIAL","Fabricación de cumbrera desarrollo 600 mm. En chapa galvalume, se contempla la mano de obra calificada para el montaje + los accesorios para su fijación.","ml.","40","97750","","","","0","0"
"P-2026-016","3/9/2026","BORRADOR","TWG S.A.","Construcción de galpón industrial 2000 m² — Hernandarias (50,00 x 40,00 mts)","PYG","1990348078","C.1 · Herrería — estructura de techo","MATERIAL","Fabricación de babeta metálica de terminación entre chapa de techo y chapa de cenefa. En chapa galvalume desarrollo 500 mm. Se contempla la mano de obra para la colocación + los accesorios para su fijación.","ml.","110.53","89700","","","","0","0"
"P-2026-016","3/9/2026","BORRADOR","TWG S.A.","Construcción de galpón industrial 2000 m² — Hernandarias (50,00 x 40,00 mts)","PYG","1990348078","C.1 · Herrería — estructura de techo","MATERIAL","Provisión y colocación de babeta metálica de terminación esquinero: H: 0,70 mts en ambas esquinas lado exterior. Desarrollo 400 mm en chapa galvalume.","ml.","7.62","63250","","","","0","0"
"P-2026-016","3/9/2026","BORRADOR","TWG S.A.","Construcción de galpón industrial 2000 m² — Hernandarias (50,00 x 40,00 mts)","PYG","1990348078","C.1 · Herrería — estructura de techo","MATERIAL","Fabricación y colocación de canaleta alero en chapa galvanizada (costuras con soldadura eléctrica). Incluye boquetas, no incluye provisión y colocación de caños de bajada, no incluye pintura de canaleta. No incluye pintura de terminación exterior.","ml.","80","304750","","","","0","0"
"P-2026-016","3/9/2026","BORRADOR","TWG S.A.","Construcción de galpón industrial 2000 m² — Hernandarias (50,00 x 40,00 mts)","PYG","1990348078","C.2 · Carpintería metálica","MATERIAL","Fabricación y montaje de portón metálico de 4,68 mts de ancho x 5,00 mts de altura. Propuesta inicial corredizo. Bastidor de caños rectangular + chapa plegada negra con buñas verticales. No contempla motor.","und","2","17250000","","","","0","0"
"P-2026-016","3/9/2026","BORRADOR","TWG S.A.","Construcción de galpón industrial 2000 m² — Hernandarias (50,00 x 40,00 mts)","PYG","1990348078","C.2 · Carpintería metálica","MATERIAL","Provisión de viga tipo tubo según ingeniería para sistema corredizo 9,40 mts. El sistema se tiene previsto por dentro.","ml.","18.8","224250","","","","0","0"
"P-2026-016","3/9/2026","BORRADOR","TWG S.A.","Construcción de galpón industrial 2000 m² — Hernandarias (50,00 x 40,00 mts)","PYG","1990348078","C.2 · Carpintería metálica","MATERIAL","Provisión y montaje de puertas contra Incendios (1.00 x 2.10 mts.)","und.","2","4181817","","","","0","0"
"P-2026-016","3/9/2026","BORRADOR","TWG S.A.","Construcción de galpón industrial 2000 m² — Hernandarias (50,00 x 40,00 mts)","PYG","1990348078","D · Desagüe pluvial","MATERIAL","Provisión y montaje de tuberias Bajantes pluviales PVC de 200 mm de diametro con soportes metálicos.","ml.","85","207000","","","","0","0"
"P-2026-017","4/9/2026","BORRADOR","Thiago Burger","Galpón industrial premoldeado — 2.000 m² (40,00 × 50,00 m, altura libre 7,50 m)","USD","289105.04","01 · Fundaciones tipo cáliz con perforación","MATERIAL","Fundaciones tipo cáliz con perforación + viga de cimentación perimetral. Incluye hormigón, armadura y ejecución.","apoyos","40","120475","","","","0","0"
"P-2026-017","4/9/2026","BORRADOR","Thiago Burger","Galpón industrial premoldeado — 2.000 m² (40,00 × 50,00 m, altura libre 7,50 m)","USD","289105.04","02 · Pilares premoldeados","MATERIAL","Pilares premoldeados sección 25×40 cm, largo 8,50 m. Fabricación, transporte y montaje.","un","40","120460","","","","0","0"
"P-2026-017","4/9/2026","BORRADOR","Thiago Burger","Galpón industrial premoldeado — 2.000 m² (40,00 × 50,00 m, altura libre 7,50 m)","USD","289105.04","03 · Placas de cerramiento pretensadas","MATERIAL","Placas de cerramiento pretensadas de 8 cm — cerramiento integral hasta 7,50 m de altura, con vanos previstos para 4 portones de 5×5 m.","un","152","63400","","","","0","0"
"P-2026-017","4/9/2026","BORRADOR","Thiago Burger","Galpón industrial premoldeado — 2.000 m² (40,00 × 50,00 m, altura libre 7,50 m)","USD","289105.04","04 · Cubierta metálica","MATERIAL","Cubierta metálica reticulada + chapa simple trapezoidal + canaletas y cumbreras. Provisión y montaje.","m2","2184","2206","","","","0","0"
"P-2026-017","4/9/2026","BORRADOR","Thiago Burger","Galpón industrial premoldeado — 2.000 m² (40,00 × 50,00 m, altura libre 7,50 m)","USD","289105.04","05 · Cerramiento metálico de tímpanos","MATERIAL","Cerramiento metálico de los triángulos de tímpano (por encima de 7,50 m).","m2","80","60230","","","","0","0"
"P-2026-018","4/9/2026","BORRADOR","TIGRE S.A.","Reemplazo de relés de estado sólido — tablero de comando","PYG","400000","Opción A · Relé de estado sólido Fotek SSR-60AA","MATERIAL","Relé de estado sólido Fotek SSR-60AA. Salida 60 A 24–380 VAC, mando 80–250 VAC. Incluye montaje sobre disipador existente y conexionado.","un","4","100000","","","","0","0"
"P-2026-018","4/9/2026","BORRADOR","TIGRE S.A.","Reemplazo de relés de estado sólido — tablero de comando","PYG","400000","Opción B · Relé de estado sólido Metaltex TZC-60A","MATERIAL","Relé de estado sólido Metaltex TZC-60A. Salida 60 A 48–440 VAC, mando 4–32 VDC. Incluye montaje sobre disipador existente y conexionado.","un","4","290000","","","","0","0"
"P-2026-019","5/9/2026","BORRADOR","TIGRE S.A.","Provisión de vidrio templado circular Ø 310 mm — espesor 15 mm","PYG","2900000","Provisión de vidrio templado circular Ø 310 mm — 15 mm","MATERIAL","Vidrio templado incoloro circular de Ø 310 mm, espesor 15 mm. Canto pulido brillante en todo el perímetro. Templado según norma, con sello de identificación.","un","1","1850000","","","","0","0"
"P-2026-019","5/9/2026","BORRADOR","TIGRE S.A.","Provisión de vidrio templado circular Ø 310 mm — espesor 15 mm","PYG","2900000","Provisión de vidrio templado circular Ø 310 mm — 15 mm","MATERIAL","Corte circular, pulido de canto y proceso de templado","un","1","620000","","","","0","0"
"P-2026-019","5/9/2026","BORRADOR","TIGRE S.A.","Provisión de vidrio templado circular Ø 310 mm — espesor 15 mm","PYG","2900000","Provisión de vidrio templado circular Ø 310 mm — 15 mm","MATERIAL","Embalaje reforzado con madera y protección de canto para transporte","un","1","180000","","","","0","0"
"P-2026-020","5/9/2026","BORRADOR","TIGRE LOGISTICA","Mantenimiento de cocina — lavatorios, mesas, soportes y desengrasadores","PYG","10216932","01 · Mantenimiento de cocina — lavatorios, soportes y desengrasadores","MATERIAL","Costo del ítem","gl","1","9288120","","","","0","0"
"P-2026-021","19/8/2026","BORRADOR","","Provisión de carro transfer y pista de rodillos","PYG","27936900","01 · Carro Transfer / Mesa de rodillos 2.000 x 520 x 280 mm","MATERIAL","Costo del ítem","un","1","13880700","","","","0","0"
"P-2026-021","19/8/2026","BORRADOR","","Provisión de carro transfer y pista de rodillos","PYG","27936900","02 · Pista de Rodillos Libres 520 x 280 mm — tramo 3 m","MATERIAL","Costo del ítem","un","1","14056200","","","","0","0"
"P-2026-022","7/9/2026","BORRADOR","","Refuerzo y sostén de rack — soporte en caño 80 x 40 x 2 mm","PYG","10597000","01 · Provisión del soporte metálico","MATERIAL","Caño estructural rectangular 80 x 40 x 2,00 mm — barra de 6 m","un","6","285000","","","","0","0"
"P-2026-022","7/9/2026","BORRADOR","","Refuerzo y sostén de rack — soporte en caño 80 x 40 x 2 mm","PYG","10597000","01 · Provisión del soporte metálico","MATERIAL","Chapa de 6 mm para placas de apoyo y anclaje","un","4","165000","","","","0","0"
"P-2026-022","7/9/2026","BORRADOR","","Refuerzo y sostén de rack — soporte en caño 80 x 40 x 2 mm","PYG","10597000","01 · Provisión del soporte metálico","MATERIAL","Perno de anclaje mecánico Ø 1/2"" x 4""","un","24","28000","","","","0","0"
"P-2026-022","7/9/2026","BORRADOR","","Refuerzo y sostén de rack — soporte en caño 80 x 40 x 2 mm","PYG","10597000","01 · Provisión del soporte metálico","MATERIAL","Electrodos 6013 Ø 3,25 mm","kg","8","42000","","","","0","0"
"P-2026-022","7/9/2026","BORRADOR","","Refuerzo y sostén de rack — soporte en caño 80 x 40 x 2 mm","PYG","10597000","01 · Provisión del soporte metálico","MATERIAL","Discos de corte y desbaste 7""","un","12","22000","","","","0","0"
"P-2026-022","7/9/2026","BORRADOR","","Refuerzo y sostén de rack — soporte en caño 80 x 40 x 2 mm","PYG","10597000","01 · Provisión del soporte metálico","MATERIAL","Fondo antióxido sintético","lt","4","78000","","","","0","0"
"P-2026-022","7/9/2026","BORRADOR","","Refuerzo y sostén de rack — soporte en caño 80 x 40 x 2 mm","PYG","10597000","01 · Provisión del soporte metálico","MATERIAL","Esmalte sintético de terminación","lt","4","92000","","","","0","0"
"P-2026-022","7/9/2026","BORRADOR","","Refuerzo y sostén de rack — soporte en caño 80 x 40 x 2 mm","PYG","10597000","01 · Provisión del soporte metálico","MATERIAL","Diluyente, lijas y desengrasante","gl","1","135000","","","","0","0"
"P-2026-022","7/9/2026","BORRADOR","","Refuerzo y sostén de rack — soporte en caño 80 x 40 x 2 mm","PYG","10597000","01 · Provisión del soporte metálico","MANO_OBRA","Herrero — trazado, corte y armado del soporte en taller","h","","","2","18","30000","","0"
"P-2026-022","7/9/2026","BORRADOR","","Refuerzo y sostén de rack — soporte en caño 80 x 40 x 2 mm","PYG","10597000","01 · Provisión del soporte metálico","MANO_OBRA","Pintor — antióxido y dos manos de esmalte","h","","","1","8","30000","","0"
"P-2026-022","7/9/2026","BORRADOR","","Refuerzo y sostén de rack — soporte en caño 80 x 40 x 2 mm","PYG","10597000","02 · Montaje en obra","MATERIAL","Consumibles de soldadura y corte en obra","gl","1","320000","","","","0","0"
"P-2026-022","7/9/2026","BORRADOR","","Refuerzo y sostén de rack — soporte en caño 80 x 40 x 2 mm","PYG","10597000","02 · Montaje en obra","MATERIAL","Retoque de pintura en soldaduras y cortes","gl","1","180000","","","","0","0"
"P-2026-022","7/9/2026","BORRADOR","","Refuerzo y sostén de rack — soporte en caño 80 x 40 x 2 mm","PYG","10597000","02 · Montaje en obra","MATERIAL","Elementos de fijación complementarios","gl","1","240000","","","","0","0"
"P-2026-022","7/9/2026","BORRADOR","","Refuerzo y sostén de rack — soporte en caño 80 x 40 x 2 mm","PYG","10597000","02 · Montaje en obra","MANO_OBRA","Herrero montador — izaje, aplomado, anclaje y soldadura en altura","h","","","2","20","35000","","0"
"P-2026-022","7/9/2026","BORRADOR","","Refuerzo y sostén de rack — soporte en caño 80 x 40 x 2 mm","PYG","10597000","02 · Montaje en obra","MANO_OBRA","Ayudante — apoyo de montaje y seguridad","h","","","2","20","20000","","0"
"P-2026-023","17/8/2026","BORRADOR","GRUPO MAO","EESS Chaco Boreal — OBRAS CIVILES 2026 · Sector Market · A.1 Pinturas","PYG","22653500","A.1 · 1 — Extracción de pintura existente · 39,60 m2","MATERIAL","Removedor de pintura","lt","8","95000","","","","0","0"
"P-2026-023","17/8/2026","BORRADOR","GRUPO MAO","EESS Chaco Boreal — OBRAS CIVILES 2026 · Sector Market · A.1 Pinturas","PYG","22653500","A.1 · 1 — Extracción de pintura existente · 39,60 m2","MATERIAL","Lijas, espátulas y cepillos de acero","gl","1","320000","","","","0","0"
"P-2026-023","17/8/2026","BORRADOR","GRUPO MAO","EESS Chaco Boreal — OBRAS CIVILES 2026 · Sector Market · A.1 Pinturas","PYG","22653500","A.1 · 1 — Extracción de pintura existente · 39,60 m2","MATERIAL","Lonas de protección y cinta de papel","gl","1","260000","","","","0","0"
"P-2026-023","17/8/2026","BORRADOR","GRUPO MAO","EESS Chaco Boreal — OBRAS CIVILES 2026 · Sector Market · A.1 Pinturas","PYG","22653500","A.1 · 1 — Extracción de pintura existente · 39,60 m2","MATERIAL","Bolsas y contenedor para retiro de residuos","gl","1","180000","","","","0","0"
"P-2026-023","17/8/2026","BORRADOR","GRUPO MAO","EESS Chaco Boreal — OBRAS CIVILES 2026 · Sector Market · A.1 Pinturas","PYG","22653500","A.1 · 1 — Extracción de pintura existente · 39,60 m2","MANO_OBRA","Pintor — raspado y lijado de la superficie","h","","","2","16","30000","","0"
"P-2026-023","17/8/2026","BORRADOR","GRUPO MAO","EESS Chaco Boreal — OBRAS CIVILES 2026 · Sector Market · A.1 Pinturas","PYG","22653500","A.1 · 1 — Extracción de pintura existente · 39,60 m2","MANO_OBRA","Ayudante — reubicación temporal de hieleras y estantería, y reposición","h","","","2","10","20000","","0"
"P-2026-023","17/8/2026","BORRADOR","GRUPO MAO","EESS Chaco Boreal — OBRAS CIVILES 2026 · Sector Market · A.1 Pinturas","PYG","22653500","A.1 · 2 — Pintura de paredes exteriores al látex, con enduido · 195,00 m2","MATERIAL","Enduido plástico exterior","kg","220","9500","","","","5","0"
"P-2026-023","17/8/2026","BORRADOR","GRUPO MAO","EESS Chaco Boreal — OBRAS CIVILES 2026 · Sector Market · A.1 Pinturas","PYG","22653500","A.1 · 2 — Pintura de paredes exteriores al látex, con enduido · 195,00 m2","MATERIAL","Fijador sellador al agua","lt","40","38000","","","","0","0"
"P-2026-023","17/8/2026","BORRADOR","GRUPO MAO","EESS Chaco Boreal — OBRAS CIVILES 2026 · Sector Market · A.1 Pinturas","PYG","22653500","A.1 · 2 — Pintura de paredes exteriores al látex, con enduido · 195,00 m2","MATERIAL","Látex exterior — primera calidad","lt","90","62000","","","","5","0"
"P-2026-023","17/8/2026","BORRADOR","GRUPO MAO","EESS Chaco Boreal — OBRAS CIVILES 2026 · Sector Market · A.1 Pinturas","PYG","22653500","A.1 · 2 — Pintura de paredes exteriores al látex, con enduido · 195,00 m2","MATERIAL","Lijas al agua y en seco","gl","1","340000","","","","0","0"
"P-2026-023","17/8/2026","BORRADOR","GRUPO MAO","EESS Chaco Boreal — OBRAS CIVILES 2026 · Sector Market · A.1 Pinturas","PYG","22653500","A.1 · 2 — Pintura de paredes exteriores al látex, con enduido · 195,00 m2","MATERIAL","Rodillos, pinceles, bandejas y extensores","gl","1","480000","","","","0","0"
"P-2026-023","17/8/2026","BORRADOR","GRUPO MAO","EESS Chaco Boreal — OBRAS CIVILES 2026 · Sector Market · A.1 Pinturas","PYG","22653500","A.1 · 2 — Pintura de paredes exteriores al látex, con enduido · 195,00 m2","MATERIAL","Lonas de protección y cinta de papel","gl","1","290000","","","","0","0"
"P-2026-023","17/8/2026","BORRADOR","GRUPO MAO","EESS Chaco Boreal — OBRAS CIVILES 2026 · Sector Market · A.1 Pinturas","PYG","22653500","A.1 · 2 — Pintura de paredes exteriores al látex, con enduido · 195,00 m2","MANO_OBRA","Pintor — enduido a dos manos y lijado","h","","","3","40","30000","","0"
"P-2026-023","17/8/2026","BORRADOR","GRUPO MAO","EESS Chaco Boreal — OBRAS CIVILES 2026 · Sector Market · A.1 Pinturas","PYG","22653500","A.1 · 2 — Pintura de paredes exteriores al látex, con enduido · 195,00 m2","MANO_OBRA","Pintor — fijador y dos manos de látex","h","","","3","24","30000","","0"
"P-2026-023","17/8/2026","BORRADOR","GRUPO MAO","EESS Chaco Boreal — OBRAS CIVILES 2026 · Sector Market · A.1 Pinturas","PYG","22653500","A.1 · 2 — Pintura de paredes exteriores al látex, con enduido · 195,00 m2","MANO_OBRA","Ayudante — preparación, andamios y limpieza","h","","","2","32","20000","","0"
"P-2026-024","7/9/2026","BORRADOR","BAHIA","Shell Ñemby — Reparación de piso de hormigón en playa de maniobras","PYG","11886400","01 · Corte de piso y retiro de escombros · 3,60 m2","MATERIAL","Discos diamantados para corte de hormigón Ø 14""","un","2","620000","","","","0","0"
"P-2026-024","7/9/2026","BORRADOR","BAHIA","Shell Ñemby — Reparación de piso de hormigón en playa de maniobras","PYG","11886400","01 · Corte de piso y retiro de escombros · 3,60 m2","MATERIAL","Consumibles de demolición — puntas y cinceles","gl","1","380000","","","","0","0"
"P-2026-024","7/9/2026","BORRADOR","BAHIA","Shell Ñemby — Reparación de piso de hormigón en playa de maniobras","PYG","11886400","01 · Corte de piso y retiro de escombros · 3,60 m2","MATERIAL","Vallado, conos y cinta de señalización","gl","1","290000","","","","0","0"
"P-2026-024","7/9/2026","BORRADOR","BAHIA","Shell Ñemby — Reparación de piso de hormigón en playa de maniobras","PYG","11886400","01 · Corte de piso y retiro de escombros · 3,60 m2","MANO_OBRA","Operario — corte de piso con amoladora de disco diamantado","h","","","1","8","35000","","0"
"P-2026-024","7/9/2026","BORRADOR","BAHIA","Shell Ñemby — Reparación de piso de hormigón en playa de maniobras","PYG","11886400","01 · Corte de piso y retiro de escombros · 3,60 m2","MANO_OBRA","Albañil — demolición del paño y perfilado de bordes","h","","","1","10","30000","","0"
"P-2026-024","7/9/2026","BORRADOR","BAHIA","Shell Ñemby — Reparación de piso de hormigón en playa de maniobras","PYG","11886400","01 · Corte de piso y retiro de escombros · 3,60 m2","MANO_OBRA","Ayudante — carga y retiro de escombros","h","","","2","10","20000","","0"
"P-2026-024","7/9/2026","BORRADOR","BAHIA","Shell Ñemby — Reparación de piso de hormigón en playa de maniobras","PYG","11886400","02 · Preparación de base y armadura","MATERIAL","Piedra triturada para base compactada","m3","1","220000","","","","0","0"
"P-2026-024","7/9/2026","BORRADOR","BAHIA","Shell Ñemby — Reparación de piso de hormigón en playa de maniobras","PYG","11886400","02 · Preparación de base y armadura","MATERIAL","Malla soldada 15 x 15 cm Ø 6 mm — panel de 6 x 2,40 m","un","1","480000","","","","0","0"
"P-2026-024","7/9/2026","BORRADOR","BAHIA","Shell Ñemby — Reparación de piso de hormigón en playa de maniobras","PYG","11886400","02 · Preparación de base y armadura","MATERIAL","Hierro Ø 10 mm para pasadores de junta y anclajes","un","3","95000","","","","0","0"
"P-2026-024","7/9/2026","BORRADOR","BAHIA","Shell Ñemby — Reparación de piso de hormigón en playa de maniobras","PYG","11886400","02 · Preparación de base y armadura","MATERIAL","Alambre de atar y separadores plásticos","gl","1","165000","","","","0","0"
"P-2026-024","7/9/2026","BORRADOR","BAHIA","Shell Ñemby — Reparación de piso de hormigón en playa de maniobras","PYG","11886400","02 · Preparación de base y armadura","MATERIAL","Film de polietileno 200 micrones","m2","5","12000","","","","0","0"
"P-2026-024","7/9/2026","BORRADOR","BAHIA","Shell Ñemby — Reparación de piso de hormigón en playa de maniobras","PYG","11886400","02 · Preparación de base y armadura","MANO_OBRA","Albañil — nivelación y compactación de la base","h","","","1","6","30000","","0"
"P-2026-024","7/9/2026","BORRADOR","BAHIA","Shell Ñemby — Reparación de piso de hormigón en playa de maniobras","PYG","11886400","02 · Preparación de base y armadura","MANO_OBRA","Armador — corte, armado y colocación de malla y pasadores","h","","","1","8","32000","","0"
"P-2026-024","7/9/2026","BORRADOR","BAHIA","Shell Ñemby — Reparación de piso de hormigón en playa de maniobras","PYG","11886400","02 · Preparación de base y armadura","MANO_OBRA","Ayudante — apoyo de preparación","h","","","1","8","20000","","0"
"P-2026-024","7/9/2026","BORRADOR","BAHIA","Shell Ñemby — Reparación de piso de hormigón en playa de maniobras","PYG","11886400","03 · Carga de hormigón de 20 cm de espesor y junta de dilatación","MATERIAL","Hormigón elaborado H21 — bombeado y colocado","m3","0.72","1450000","","","","10","0"
"P-2026-024","7/9/2026","BORRADOR","BAHIA","Shell Ñemby — Reparación de piso de hormigón en playa de maniobras","PYG","11886400","03 · Carga de hormigón de 20 cm de espesor y junta de dilatación","MATERIAL","Perfil de junta de dilatación con sellador poliuretánico","ml","8","145000","","","","0","0"
"P-2026-024","7/9/2026","BORRADOR","BAHIA","Shell Ñemby — Reparación de piso de hormigón en playa de maniobras","PYG","11886400","03 · Carga de hormigón de 20 cm de espesor y junta de dilatación","MATERIAL","Curador químico para hormigón","lt","4","78000","","","","0","0"
"P-2026-024","7/9/2026","BORRADOR","BAHIA","Shell Ñemby — Reparación de piso de hormigón en playa de maniobras","PYG","11886400","03 · Carga de hormigón de 20 cm de espesor y junta de dilatación","MATERIAL","Encofrado de madera y desmoldante","gl","1","320000","","","","0","0"
"P-2026-024","7/9/2026","BORRADOR","BAHIA","Shell Ñemby — Reparación de piso de hormigón en playa de maniobras","PYG","11886400","03 · Carga de hormigón de 20 cm de espesor y junta de dilatación","MANO_OBRA","Albañil — encofrado, colado, reglado y terminación","h","","","2","12","30000","","0"
"P-2026-024","7/9/2026","BORRADOR","BAHIA","Shell Ñemby — Reparación de piso de hormigón en playa de maniobras","PYG","11886400","03 · Carga de hormigón de 20 cm de espesor y junta de dilatación","MANO_OBRA","Ayudante — apoyo de colado y curado","h","","","2","12","20000","","0"
"P-2026-025","7/9/2026","BORRADOR","BAHIA — SHELL VILLETA","Shell Villeta Mao — Reparación de piso de hormigón de la playa","PYG","50098000","01 · Relevamiento, replanteo y señalización de los sectores","MATERIAL","Vallado modular, conos y cinta de señalización","gl","1","680000","","","","0","0"
"P-2026-025","7/9/2026","BORRADOR","BAHIA — SHELL VILLETA","Shell Villeta Mao — Reparación de piso de hormigón de la playa","PYG","50098000","01 · Relevamiento, replanteo y señalización de los sectores","MATERIAL","Pintura de demarcación y elementos de replanteo","gl","1","240000","","","","0","0"
"P-2026-025","7/9/2026","BORRADOR","BAHIA — SHELL VILLETA","Shell Villeta Mao — Reparación de piso de hormigón de la playa","PYG","50098000","01 · Relevamiento, replanteo y señalización de los sectores","MANO_OBRA","Encargado de obra — relevamiento, replanteo y medición de los paños","h","","","1","8","40000","","0"
"P-2026-025","7/9/2026","BORRADOR","BAHIA — SHELL VILLETA","Shell Villeta Mao — Reparación de piso de hormigón de la playa","PYG","50098000","01 · Relevamiento, replanteo y señalización de los sectores","MANO_OBRA","Ayudante — apoyo de replanteo y armado del vallado","h","","","1","8","20000","","0"
"P-2026-025","7/9/2026","BORRADOR","BAHIA — SHELL VILLETA","Shell Villeta Mao — Reparación de piso de hormigón de la playa","PYG","50098000","02 · Corte de piso, demolición y retiro de escombros · 25,00 m2","MATERIAL","Discos diamantados para corte de hormigón Ø 14""","un","6","620000","","","","0","0"
"P-2026-025","7/9/2026","BORRADOR","BAHIA — SHELL VILLETA","Shell Villeta Mao — Reparación de piso de hormigón de la playa","PYG","50098000","02 · Corte de piso, demolición y retiro de escombros · 25,00 m2","MATERIAL","Consumibles de demolición — puntas y cinceles","gl","1","780000","","","","0","0"
"P-2026-025","7/9/2026","BORRADOR","BAHIA — SHELL VILLETA","Shell Villeta Mao — Reparación de piso de hormigón de la playa","PYG","50098000","02 · Corte de piso, demolición y retiro de escombros · 25,00 m2","MATERIAL","Bolsones y elementos de carga","gl","1","320000","","","","0","0"
"P-2026-025","7/9/2026","BORRADOR","BAHIA — SHELL VILLETA","Shell Villeta Mao — Reparación de piso de hormigón de la playa","PYG","50098000","02 · Corte de piso, demolición y retiro de escombros · 25,00 m2","MANO_OBRA","Operario — corte de piso con disco diamantado","h","","","2","20","35000","","0"
"P-2026-025","7/9/2026","BORRADOR","BAHIA — SHELL VILLETA","Shell Villeta Mao — Reparación de piso de hormigón de la playa","PYG","50098000","02 · Corte de piso, demolición y retiro de escombros · 25,00 m2","MANO_OBRA","Albañil — demolición de los paños y perfilado de bordes","h","","","2","28","30000","","0"
"P-2026-025","7/9/2026","BORRADOR","BAHIA — SHELL VILLETA","Shell Villeta Mao — Reparación de piso de hormigón de la playa","PYG","50098000","02 · Corte de piso, demolición y retiro de escombros · 25,00 m2","MANO_OBRA","Ayudante — carga y retiro de escombros","h","","","3","28","20000","","0"
"P-2026-025","7/9/2026","BORRADOR","BAHIA — SHELL VILLETA","Shell Villeta Mao — Reparación de piso de hormigón de la playa","PYG","50098000","03 · Preparación de base compactada y armadura","MATERIAL","Piedra triturada para base compactada","m3","6","220000","","","","0","0"
"P-2026-025","7/9/2026","BORRADOR","BAHIA — SHELL VILLETA","Shell Villeta Mao — Reparación de piso de hormigón de la playa","PYG","50098000","03 · Preparación de base compactada y armadura","MATERIAL","Malla soldada 15 x 15 cm Ø 6 mm — panel de 6 x 2,40 m","un","2","480000","","","","10","0"
"P-2026-025","7/9/2026","BORRADOR","BAHIA — SHELL VILLETA","Shell Villeta Mao — Reparación de piso de hormigón de la playa","PYG","50098000","03 · Preparación de base compactada y armadura","MATERIAL","Hierro Ø 10 mm para pasadores de junta y anclajes","un","14","95000","","","","0","0"
"P-2026-025","7/9/2026","BORRADOR","BAHIA — SHELL VILLETA","Shell Villeta Mao — Reparación de piso de hormigón de la playa","PYG","50098000","03 · Preparación de base compactada y armadura","MATERIAL","Alambre de atar y separadores plásticos","gl","1","420000","","","","0","0"
"P-2026-025","7/9/2026","BORRADOR","BAHIA — SHELL VILLETA","Shell Villeta Mao — Reparación de piso de hormigón de la playa","PYG","50098000","03 · Preparación de base compactada y armadura","MATERIAL","Film de polietileno 200 micrones","m2","30","12000","","","","0","0"
"P-2026-025","7/9/2026","BORRADOR","BAHIA — SHELL VILLETA","Shell Villeta Mao — Reparación de piso de hormigón de la playa","PYG","50098000","03 · Preparación de base compactada y armadura","MANO_OBRA","Albañil — nivelación y compactación de la base","h","","","2","16","30000","","0"
"P-2026-025","7/9/2026","BORRADOR","BAHIA — SHELL VILLETA","Shell Villeta Mao — Reparación de piso de hormigón de la playa","PYG","50098000","03 · Preparación de base compactada y armadura","MANO_OBRA","Armador — corte, armado y colocación de malla y pasadores","h","","","2","20","32000","","0"
"P-2026-025","7/9/2026","BORRADOR","BAHIA — SHELL VILLETA","Shell Villeta Mao — Reparación de piso de hormigón de la playa","PYG","50098000","03 · Preparación de base compactada y armadura","MANO_OBRA","Ayudante — apoyo de preparación","h","","","2","16","20000","","0"
"P-2026-025","7/9/2026","BORRADOR","BAHIA — SHELL VILLETA","Shell Villeta Mao — Reparación de piso de hormigón de la playa","PYG","50098000","04 · Carga de hormigón H30 de 20 cm y juntas de dilatación","MATERIAL","Hormigón elaborado H30 — bombeado y colocado","m3","5","1620000","","","","8","0"
"P-2026-025","7/9/2026","BORRADOR","BAHIA — SHELL VILLETA","Shell Villeta Mao — Reparación de piso de hormigón de la playa","PYG","50098000","04 · Carga de hormigón H30 de 20 cm y juntas de dilatación","MATERIAL","Perfil de junta de dilatación con sellador poliuretánico","ml","40","145000","","","","0","0"
"P-2026-025","7/9/2026","BORRADOR","BAHIA — SHELL VILLETA","Shell Villeta Mao — Reparación de piso de hormigón de la playa","PYG","50098000","04 · Carga de hormigón H30 de 20 cm y juntas de dilatación","MATERIAL","Curador químico para hormigón","lt","18","78000","","","","0","0"
"P-2026-025","7/9/2026","BORRADOR","BAHIA — SHELL VILLETA","Shell Villeta Mao — Reparación de piso de hormigón de la playa","PYG","50098000","04 · Carga de hormigón H30 de 20 cm y juntas de dilatación","MATERIAL","Encofrado de madera y desmoldante","gl","1","850000","","","","0","0"
"P-2026-025","7/9/2026","BORRADOR","BAHIA — SHELL VILLETA","Shell Villeta Mao — Reparación de piso de hormigón de la playa","PYG","50098000","04 · Carga de hormigón H30 de 20 cm y juntas de dilatación","MATERIAL","Fibra de polipropileno para hormigón","kg","4","195000","","","","0","0"
"P-2026-025","7/9/2026","BORRADOR","BAHIA — SHELL VILLETA","Shell Villeta Mao — Reparación de piso de hormigón de la playa","PYG","50098000","04 · Carga de hormigón H30 de 20 cm y juntas de dilatación","MANO_OBRA","Albañil — encofrado, colado, reglado y terminación","h","","","3","32","30000","","0"
"P-2026-025","7/9/2026","BORRADOR","BAHIA — SHELL VILLETA","Shell Villeta Mao — Reparación de piso de hormigón de la playa","PYG","50098000","04 · Carga de hormigón H30 de 20 cm y juntas de dilatación","MANO_OBRA","Ayudante — apoyo de colado y curado","h","","","3","32","20000","","0"
"P-2026-026","7/9/2026","BORRADOR","BAHIA — SHELL AUTOPISTA","Shell Autopista — Pintura de demarcación de zonas de estacionamiento","PYG","16190520","01 · Limpieza y preparación de la superficie","MATERIAL","Desengrasante industrial para hormigón","lt","20","42000","","","","0","0"
"P-2026-026","7/9/2026","BORRADOR","BAHIA — SHELL AUTOPISTA","Shell Autopista — Pintura de demarcación de zonas de estacionamiento","PYG","16190520","01 · Limpieza y preparación de la superficie","MATERIAL","Cepillos de acero, escobas y espátulas","gl","1","380000","","","","0","0"
"P-2026-026","7/9/2026","BORRADOR","BAHIA — SHELL AUTOPISTA","Shell Autopista — Pintura de demarcación de zonas de estacionamiento","PYG","16190520","01 · Limpieza y preparación de la superficie","MATERIAL","Trapos, bolsas y consumibles de limpieza","gl","1","180000","","","","0","0"
"P-2026-026","7/9/2026","BORRADOR","BAHIA — SHELL AUTOPISTA","Shell Autopista — Pintura de demarcación de zonas de estacionamiento","PYG","16190520","01 · Limpieza y preparación de la superficie","MANO_OBRA","Ayudante — barrido, desengrasado y lavado del sector","h","","","2","12","20000","","0"
"P-2026-026","7/9/2026","BORRADOR","BAHIA — SHELL AUTOPISTA","Shell Autopista — Pintura de demarcación de zonas de estacionamiento","PYG","16190520","01 · Limpieza y preparación de la superficie","MANO_OBRA","Operario — hidrolavado y secado de la superficie","h","","","1","8","30000","","0"
"P-2026-026","7/9/2026","BORRADOR","BAHIA — SHELL AUTOPISTA","Shell Autopista — Pintura de demarcación de zonas de estacionamiento","PYG","16190520","02 · Replanteo y demarcación de las plazas de estacionamiento","MATERIAL","Pintura acrílica para demarcación vial — blanco","lt","35","118000","","","","8","0"
"P-2026-026","7/9/2026","BORRADOR","BAHIA — SHELL AUTOPISTA","Shell Autopista — Pintura de demarcación de zonas de estacionamiento","PYG","16190520","02 · Replanteo y demarcación de las plazas de estacionamiento","MATERIAL","Pintura acrílica para demarcación vial — amarillo","lt","12","122000","","","","8","0"
"P-2026-026","7/9/2026","BORRADOR","BAHIA — SHELL AUTOPISTA","Shell Autopista — Pintura de demarcación de zonas de estacionamiento","PYG","16190520","02 · Replanteo y demarcación de las plazas de estacionamiento","MATERIAL","Pintura acrílica para demarcación vial — azul","lt","5","128000","","","","0","0"
"P-2026-026","7/9/2026","BORRADOR","BAHIA — SHELL AUTOPISTA","Shell Autopista — Pintura de demarcación de zonas de estacionamiento","PYG","16190520","02 · Replanteo y demarcación de las plazas de estacionamiento","MATERIAL","Diluyente para pintura de demarcación","lt","8","68000","","","","0","0"
"P-2026-026","7/9/2026","BORRADOR","BAHIA — SHELL AUTOPISTA","Shell Autopista — Pintura de demarcación de zonas de estacionamiento","PYG","16190520","02 · Replanteo y demarcación de las plazas de estacionamiento","MATERIAL","Cinta de enmascarar de alta adherencia","un","24","32000","","","","0","0"
"P-2026-026","7/9/2026","BORRADOR","BAHIA — SHELL AUTOPISTA","Shell Autopista — Pintura de demarcación de zonas de estacionamiento","PYG","16190520","02 · Replanteo y demarcación de las plazas de estacionamiento","MATERIAL","Rodillos, pinceles, bandejas y extensores","gl","1","520000","","","","0","0"
"P-2026-026","7/9/2026","BORRADOR","BAHIA — SHELL AUTOPISTA","Shell Autopista — Pintura de demarcación de zonas de estacionamiento","PYG","16190520","02 · Replanteo y demarcación de las plazas de estacionamiento","MATERIAL","Plantillas para simbología y flechas","gl","1","680000","","","","0","0"
"P-2026-026","7/9/2026","BORRADOR","BAHIA — SHELL AUTOPISTA","Shell Autopista — Pintura de demarcación de zonas de estacionamiento","PYG","16190520","02 · Replanteo y demarcación de las plazas de estacionamiento","MATERIAL","Tiza de replanteo, hilo y elementos de medición","gl","1","165000","","","","0","0"
"P-2026-026","7/9/2026","BORRADOR","BAHIA — SHELL AUTOPISTA","Shell Autopista — Pintura de demarcación de zonas de estacionamiento","PYG","16190520","02 · Replanteo y demarcación de las plazas de estacionamiento","MANO_OBRA","Encargado — replanteo y trazado de plazas y sendas","h","","","1","10","40000","","0"
"P-2026-026","7/9/2026","BORRADOR","BAHIA — SHELL AUTOPISTA","Shell Autopista — Pintura de demarcación de zonas de estacionamiento","PYG","16190520","02 · Replanteo y demarcación de las plazas de estacionamiento","MANO_OBRA","Pintor especializado — demarcación de líneas y simbología","h","","","2","28","32000","","0"
"P-2026-026","7/9/2026","BORRADOR","BAHIA — SHELL AUTOPISTA","Shell Autopista — Pintura de demarcación de zonas de estacionamiento","PYG","16190520","02 · Replanteo y demarcación de las plazas de estacionamiento","MANO_OBRA","Ayudante — enmascarado, señalización y apoyo","h","","","2","24","20000","","0"
"P-2026-027","6/9/2026","BORRADOR","TIGRE","Provisión de repuestos — Opción A: origen USA (entrega 7 a 10 días)","USD","1905","01 · Relé semiconductor Siemens SIRIUS 3RF2050-1AA04 · 10 un","MATERIAL","Costo del ítem","un","10","1685","","","","0","0"
"P-2026-027","6/9/2026","BORRADOR","TIGRE","Provisión de repuestos — Opción A: origen USA (entrega 7 a 10 días)","USD","1905","02 · Batería recargable Autec MBM06MH · 1 un","MATERIAL","Costo del ítem","un","1","220","","","","0","0"
"P-2026-028","6/9/2026","BORRADOR","TIGRE","Provisión de repuestos — Opción B: origen China (entrega 20 a 25 días)","USD","1765","01 · Relé semiconductor Siemens SIRIUS 3RF2050-1AA04 · 10 un","MATERIAL","Costo del ítem","un","10","1625","","","","0","0"
"P-2026-028","6/9/2026","BORRADOR","TIGRE","Provisión de repuestos — Opción B: origen China (entrega 20 a 25 días)","USD","1765","02 · Batería recargable Autec MBM06MH · 1 un","MATERIAL","Costo del ítem","un","1","140","","","","0","0"
"P-2026-029","7/9/2026","BORRADOR","TIGRE","Relés Siemens SIRIUS 3RF2050-1AA04 — Opción A: origen USA (entrega 7 a 10 días)","PYG","12300500","01 · Relé semiconductor Siemens SIRIUS 3RF2050-1AA04 · 10 un","MATERIAL","Costo del ítem","un","10","1230050","","","","0","0"
"P-2026-030","7/9/2026","BORRADOR","TIGRE","Relés Siemens SIRIUS 3RF2050-1AA04 — Opción B: origen China (entrega 20 a 25 días)","USD","1625","01 · Relé semiconductor Siemens SIRIUS 3RF2050-1AA04 · 10 un","MATERIAL","Costo del ítem","un","10","1625","","","","0","0"
"P-2026-031","7/9/2026","BORRADOR","TIGRE","Batería recargable Autec MBM06MH — Opción A: origen China (entrega 20 a 25 días)","PYG","1022000","01 · Batería recargable Autec MBM06MH · 1 un","MATERIAL","Costo del ítem","un","1","1022000","","","","0","0"
"P-2026-032","7/9/2026","BORRADOR","TIGRE","Batería recargable Autec MBM06MH — Opción B: origen USA (entrega 7 a 10 días)","PYG","1606000","01 · Batería recargable Autec MBM06MH · 1 un","MATERIAL","Costo del ítem","un","1","1606000","","","","0","0"
"P-2026-033","10/9/2026","BORRADOR","","Reparación de terraza — vigas de borde, cielorraso, muro perimetral y pilares","PYG","29494080","01 · Reparación estructural de vigas de borde — 6,30 m","MATERIAL","Mortero de reparación estructural de retracción compensada, bolsa 25 kg","bol","10","185000","","","","0","40"
"P-2026-033","10/9/2026","BORRADOR","","Reparación de terraza — vigas de borde, cielorraso, muro perimetral y pilares","PYG","29494080","01 · Reparación estructural de vigas de borde — 6,30 m","MATERIAL","Puente de adherencia epoxi, envase 4 kg","un","2","320000","","","","0","40"
"P-2026-033","10/9/2026","BORRADOR","","Reparación de terraza — vigas de borde, cielorraso, muro perimetral y pilares","PYG","29494080","01 · Reparación estructural de vigas de borde — 6,30 m","MATERIAL","Convertidor de óxido y antióxido epoxi, envase 4 L","un","2","150000","","","","0","40"
"P-2026-033","10/9/2026","BORRADOR","","Reparación de terraza — vigas de borde, cielorraso, muro perimetral y pilares","PYG","29494080","01 · Reparación estructural de vigas de borde — 6,30 m","MATERIAL","Barra de acero conformado Ø 8 mm x 12 m","un","6","58000","","","","0","40"
"P-2026-033","10/9/2026","BORRADOR","","Reparación de terraza — vigas de borde, cielorraso, muro perimetral y pilares","PYG","29494080","01 · Reparación estructural de vigas de borde — 6,30 m","MATERIAL","Alambre de atar N° 16","kg","3","19000","","","","0","40"
"P-2026-033","10/9/2026","BORRADOR","","Reparación de terraza — vigas de borde, cielorraso, muro perimetral y pilares","PYG","29494080","01 · Reparación estructural de vigas de borde — 6,30 m","MATERIAL","Alquiler de silleta y línea de vida certificada","día","6","250000","","","","0","40"
"P-2026-033","10/9/2026","BORRADOR","","Reparación de terraza — vigas de borde, cielorraso, muro perimetral y pilares","PYG","29494080","01 · Reparación estructural de vigas de borde — 6,30 m","MANO_OBRA","Albañil oficial especializado en reparación de hormigón","h","","","2","48","22000","","40"
"P-2026-033","10/9/2026","BORRADOR","","Reparación de terraza — vigas de borde, cielorraso, muro perimetral y pilares","PYG","29494080","01 · Reparación estructural de vigas de borde — 6,30 m","MANO_OBRA","Ayudante","h","","","2","48","14000","","40"
"P-2026-033","10/9/2026","BORRADOR","","Reparación de terraza — vigas de borde, cielorraso, muro perimetral y pilares","PYG","29494080","02 · Reparación y pintura de cielorraso — 42,40 m²","MATERIAL","Masilla para exterior, bolsa 20 kg","bol","6","98000","","","","0","40"
"P-2026-033","10/9/2026","BORRADOR","","Reparación de terraza — vigas de borde, cielorraso, muro perimetral y pilares","PYG","29494080","02 · Reparación y pintura de cielorraso — 42,40 m²","MATERIAL","Sellador acrílico de fisuras, pomo 300 ml","un","8","45000","","","","0","40"
"P-2026-033","10/9/2026","BORRADOR","","Reparación de terraza — vigas de borde, cielorraso, muro perimetral y pilares","PYG","29494080","02 · Reparación y pintura de cielorraso — 42,40 m²","MATERIAL","Cemento Portland, bolsa 50 kg","bol","6","55000","","","","0","40"
"P-2026-033","10/9/2026","BORRADOR","","Reparación de terraza — vigas de borde, cielorraso, muro perimetral y pilares","PYG","29494080","02 · Reparación y pintura de cielorraso — 42,40 m²","MATERIAL","Arena lavada","m³","1","190000","","","","0","40"
"P-2026-033","10/9/2026","BORRADOR","","Reparación de terraza — vigas de borde, cielorraso, muro perimetral y pilares","PYG","29494080","02 · Reparación y pintura de cielorraso — 42,40 m²","MATERIAL","Fondo fijador sellador al agua, balde 18 L","un","2","295000","","","","0","40"
"P-2026-033","10/9/2026","BORRADOR","","Reparación de terraza — vigas de borde, cielorraso, muro perimetral y pilares","PYG","29494080","02 · Reparación y pintura de cielorraso — 42,40 m²","MATERIAL","Látex acrílico para exterior, balde 18 L","un","2","485000","","","","0","40"
"P-2026-033","10/9/2026","BORRADOR","","Reparación de terraza — vigas de borde, cielorraso, muro perimetral y pilares","PYG","29494080","02 · Reparación y pintura de cielorraso — 42,40 m²","MATERIAL","Lijas, cintas, film protector, rodillos y pinceles","gl","1","320000","","","","0","40"
"P-2026-033","10/9/2026","BORRADOR","","Reparación de terraza — vigas de borde, cielorraso, muro perimetral y pilares","PYG","29494080","02 · Reparación y pintura de cielorraso — 42,40 m²","MANO_OBRA","Albañil oficial","h","","","2","40","22000","","40"
"P-2026-033","10/9/2026","BORRADOR","","Reparación de terraza — vigas de borde, cielorraso, muro perimetral y pilares","PYG","29494080","02 · Reparación y pintura de cielorraso — 42,40 m²","MANO_OBRA","Ayudante","h","","","2","40","14000","","40"
"P-2026-033","10/9/2026","BORRADOR","","Reparación de terraza — vigas de borde, cielorraso, muro perimetral y pilares","PYG","29494080","03 · Tratamiento y pintura de muro perimetral — 18,00 m²","MATERIAL","Masilla para exterior, bolsa 20 kg","bol","3","98000","","","","0","40"
"P-2026-033","10/9/2026","BORRADOR","","Reparación de terraza — vigas de borde, cielorraso, muro perimetral y pilares","PYG","29494080","03 · Tratamiento y pintura de muro perimetral — 18,00 m²","MATERIAL","Sellador acrílico de fisuras, pomo 300 ml","un","5","45000","","","","0","40"
"P-2026-033","10/9/2026","BORRADOR","","Reparación de terraza — vigas de borde, cielorraso, muro perimetral y pilares","PYG","29494080","03 · Tratamiento y pintura de muro perimetral — 18,00 m²","MATERIAL","Fondo fijador sellador al agua, balde 18 L","un","1","295000","","","","0","40"
"P-2026-033","10/9/2026","BORRADOR","","Reparación de terraza — vigas de borde, cielorraso, muro perimetral y pilares","PYG","29494080","03 · Tratamiento y pintura de muro perimetral — 18,00 m²","MATERIAL","Látex acrílico para exterior, balde 18 L","un","1","485000","","","","0","40"
"P-2026-033","10/9/2026","BORRADOR","","Reparación de terraza — vigas de borde, cielorraso, muro perimetral y pilares","PYG","29494080","03 · Tratamiento y pintura de muro perimetral — 18,00 m²","MATERIAL","Hidrorrepelente incoloro para coronación de muro, 4 L","un","1","420000","","","","0","40"
"P-2026-033","10/9/2026","BORRADOR","","Reparación de terraza — vigas de borde, cielorraso, muro perimetral y pilares","PYG","29494080","03 · Tratamiento y pintura de muro perimetral — 18,00 m²","MANO_OBRA","Albañil oficial","h","","","1","32","22000","","40"
"P-2026-033","10/9/2026","BORRADOR","","Reparación de terraza — vigas de borde, cielorraso, muro perimetral y pilares","PYG","29494080","03 · Tratamiento y pintura de muro perimetral — 18,00 m²","MANO_OBRA","Ayudante","h","","","1","32","14000","","40"
"P-2026-033","10/9/2026","BORRADOR","","Reparación de terraza — vigas de borde, cielorraso, muro perimetral y pilares","PYG","29494080","04 · Tratamiento y pintura de pilares — 2 un","MATERIAL","Masilla para exterior, bolsa 20 kg","bol","2","98000","","","","0","40"
"P-2026-033","10/9/2026","BORRADOR","","Reparación de terraza — vigas de borde, cielorraso, muro perimetral y pilares","PYG","29494080","04 · Tratamiento y pintura de pilares — 2 un","MATERIAL","Fondo fijador sellador al agua, balde 18 L","un","1","295000","","","","0","40"
"P-2026-033","10/9/2026","BORRADOR","","Reparación de terraza — vigas de borde, cielorraso, muro perimetral y pilares","PYG","29494080","04 · Tratamiento y pintura de pilares — 2 un","MATERIAL","Látex acrílico para exterior, balde 18 L","un","1","485000","","","","0","40"
"P-2026-033","10/9/2026","BORRADOR","","Reparación de terraza — vigas de borde, cielorraso, muro perimetral y pilares","PYG","29494080","04 · Tratamiento y pintura de pilares — 2 un","MANO_OBRA","Albañil oficial","h","","","1","16","22000","","40"
"P-2026-033","10/9/2026","BORRADOR","","Reparación de terraza — vigas de borde, cielorraso, muro perimetral y pilares","PYG","29494080","04 · Tratamiento y pintura de pilares — 2 un","MANO_OBRA","Ayudante","h","","","1","16","14000","","40"
"P-2026-034","10/9/2026","BORRADOR","TIGRE","Provisión y colocación de 9 puertas metálicas para casilleros","PYG","13153140","01 · Provisión y colocación de puertas metálicas para casilleros — 9 un","MATERIAL","Chapa negra N° 18 (1,20 mm) 1,22 x 2,44 m","un","2","780000","","","","0","40"
"P-2026-034","10/9/2026","BORRADOR","TIGRE","Provisión y colocación de 9 puertas metálicas para casilleros","PYG","13153140","01 · Provisión y colocación de puertas metálicas para casilleros — 9 un","MATERIAL","Planchuela de hierro 25 x 3 mm, barra 6 m","un","6","95000","","","","0","40"
"P-2026-034","10/9/2026","BORRADOR","TIGRE","Provisión y colocación de 9 puertas metálicas para casilleros","PYG","13153140","01 · Provisión y colocación de puertas metálicas para casilleros — 9 un","MATERIAL","Bisagra reforzada tipo libro para soldar","un","27","22000","","","","0","40"
"P-2026-034","10/9/2026","BORRADOR","TIGRE","Provisión y colocación de 9 puertas metálicas para casilleros","PYG","13153140","01 · Provisión y colocación de puertas metálicas para casilleros — 9 un","MATERIAL","Porta candado soldado con tope","un","9","45000","","","","0","40"
"P-2026-034","10/9/2026","BORRADOR","TIGRE","Provisión y colocación de 9 puertas metálicas para casilleros","PYG","13153140","01 · Provisión y colocación de puertas metálicas para casilleros — 9 un","MATERIAL","Agarradera metálica","un","9","35000","","","","0","40"
"P-2026-034","10/9/2026","BORRADOR","TIGRE","Provisión y colocación de 9 puertas metálicas para casilleros","PYG","13153140","01 · Provisión y colocación de puertas metálicas para casilleros — 9 un","MATERIAL","Burlete perimetral de goma","ml","20","12000","","","","0","40"
"P-2026-034","10/9/2026","BORRADOR","TIGRE","Provisión y colocación de 9 puertas metálicas para casilleros","PYG","13153140","01 · Provisión y colocación de puertas metálicas para casilleros — 9 un","MATERIAL","Fondo antióxido epoxi, envase 4 L","un","2","165000","","","","0","40"
"P-2026-034","10/9/2026","BORRADOR","TIGRE","Provisión y colocación de 9 puertas metálicas para casilleros","PYG","13153140","01 · Provisión y colocación de puertas metálicas para casilleros — 9 un","MATERIAL","Esmalte epoxi color azul, envase 4 L","un","2","320000","","","","0","40"
"P-2026-034","10/9/2026","BORRADOR","TIGRE","Provisión y colocación de 9 puertas metálicas para casilleros","PYG","13153140","01 · Provisión y colocación de puertas metálicas para casilleros — 9 un","MATERIAL","Diluyente epoxi, envase 4 L","un","1","145000","","","","0","40"
"P-2026-034","10/9/2026","BORRADOR","TIGRE","Provisión y colocación de 9 puertas metálicas para casilleros","PYG","13153140","01 · Provisión y colocación de puertas metálicas para casilleros — 9 un","MATERIAL","Electrodos, discos de corte y desbaste, lijas y tornillería","gl","1","380000","","","","0","40"
"P-2026-034","10/9/2026","BORRADOR","TIGRE","Provisión y colocación de 9 puertas metálicas para casilleros","PYG","13153140","01 · Provisión y colocación de puertas metálicas para casilleros — 9 un","MANO_OBRA","Herrero oficial — corte, doblado, armado y montaje","h","","","2","40","25000","","40"
"P-2026-034","10/9/2026","BORRADOR","TIGRE","Provisión y colocación de 9 puertas metálicas para casilleros","PYG","13153140","01 · Provisión y colocación de puertas metálicas para casilleros — 9 un","MANO_OBRA","Ayudante","h","","","1","40","14000","","40"
"P-2026-034","10/9/2026","BORRADOR","TIGRE","Provisión y colocación de 9 puertas metálicas para casilleros","PYG","13153140","01 · Provisión y colocación de puertas metálicas para casilleros — 9 un","MANO_OBRA","Pintor — preparación y pintura epoxi","h","","","1","16","22000","","40"
"P-2026-035","10/9/2026","BORRADOR","LA ADMINISTRADORA","Edificio Manora — cambio de policarbonato en cúpula de quincho","PYG","20743800","01 · Cambio de policarbonato en cúpula de quincho — 36,00 m²","MATERIAL","Plancha de policarbonato alveolar 8 mm con protección UV, 2,10 x 5,80 m","un","3","1850000","","","","0","40"
"P-2026-035","10/9/2026","BORRADOR","LA ADMINISTRADORA","Edificio Manora — cambio de policarbonato en cúpula de quincho","PYG","20743800","01 · Cambio de policarbonato en cúpula de quincho — 36,00 m²","MATERIAL","Perfil H de unión para policarbonato, barra 5,80 m","un","4","185000","","","","0","40"
"P-2026-035","10/9/2026","BORRADOR","LA ADMINISTRADORA","Edificio Manora — cambio de policarbonato en cúpula de quincho","PYG","20743800","01 · Cambio de policarbonato en cúpula de quincho — 36,00 m²","MATERIAL","Perfil U de cierre para policarbonato, barra 2,10 m","un","8","65000","","","","0","40"
"P-2026-035","10/9/2026","BORRADOR","LA ADMINISTRADORA","Edificio Manora — cambio de policarbonato en cúpula de quincho","PYG","20743800","01 · Cambio de policarbonato en cúpula de quincho — 36,00 m²","MATERIAL","Cinta de aluminio y cinta microperforada para cantos","rollo","4","85000","","","","0","40"
"P-2026-035","10/9/2026","BORRADOR","LA ADMINISTRADORA","Edificio Manora — cambio de policarbonato en cúpula de quincho","PYG","20743800","01 · Cambio de policarbonato en cúpula de quincho — 36,00 m²","MATERIAL","Tornillo autoperforante con arandela de neoprene EPDM","un","200","3500","","","","0","40"
"P-2026-035","10/9/2026","BORRADOR","LA ADMINISTRADORA","Edificio Manora — cambio de policarbonato en cúpula de quincho","PYG","20743800","01 · Cambio de policarbonato en cúpula de quincho — 36,00 m²","MATERIAL","Sellador de poliuretano para exterior, pomo 300 ml","un","8","95000","","","","0","40"
"P-2026-035","10/9/2026","BORRADOR","LA ADMINISTRADORA","Edificio Manora — cambio de policarbonato en cúpula de quincho","PYG","20743800","01 · Cambio de policarbonato en cúpula de quincho — 36,00 m²","MATERIAL","Alquiler de andamio tubular con plataforma","día","6","180000","","","","0","40"
"P-2026-035","10/9/2026","BORRADOR","LA ADMINISTRADORA","Edificio Manora — cambio de policarbonato en cúpula de quincho","PYG","20743800","01 · Cambio de policarbonato en cúpula de quincho — 36,00 m²","MATERIAL","Retiro y disposición final del policarbonato desmontado","gl","1","350000","","","","0","40"
"P-2026-035","10/9/2026","BORRADOR","LA ADMINISTRADORA","Edificio Manora — cambio de policarbonato en cúpula de quincho","PYG","20743800","01 · Cambio de policarbonato en cúpula de quincho — 36,00 m²","MANO_OBRA","Oficial montajista","h","","","2","40","22000","","40"
"P-2026-035","10/9/2026","BORRADOR","LA ADMINISTRADORA","Edificio Manora — cambio de policarbonato en cúpula de quincho","PYG","20743800","01 · Cambio de policarbonato en cúpula de quincho — 36,00 m²","MANO_OBRA","Ayudante","h","","","2","40","14000","","40"
"P-2026-036","10/9/2026","BORRADOR","MAO","Provisión de materiales — malla, estructura metálica y chapa","PYG","15956875","01 · Provisión de materiales según solicitud","MATERIAL","Malla electrosoldable 15 x 15 cm, alambre de 5 mm, rollo de 25 m","rollo","4","620000","","","","0","25"
"P-2026-036","10/9/2026","BORRADOR","MAO","Provisión de materiales — malla, estructura metálica y chapa","PYG","15956875","01 · Provisión de materiales según solicitud","MATERIAL","Caño estructural cuadrado 100 x 100 mm, barra de 6 m","un","6","780000","","","","0","25"
"P-2026-036","10/9/2026","BORRADOR","MAO","Provisión de materiales — malla, estructura metálica y chapa","PYG","15956875","01 · Provisión de materiales según solicitud","MATERIAL","Perfil C 80 x 40 mm, pared 1,6 mm, barra de 6 m","un","5","265000","","","","0","25"
"P-2026-036","10/9/2026","BORRADOR","MAO","Provisión de materiales — malla, estructura metálica y chapa","PYG","15956875","01 · Provisión de materiales según solicitud","MATERIAL","Chapa de zinc acanalada 1,10 x 5,50 m","un","5","480000","","","","0","25"
"P-2026-036","10/9/2026","BORRADOR","MAO","Provisión de materiales — malla, estructura metálica y chapa","PYG","15956875","01 · Provisión de materiales según solicitud","MATERIAL","Tirafondo autorroscante 12 x 1 1/2"", caja de 200 unidades","caja","2","185000","","","","0","25"
"P-2026-037","11/9/2026","BORRADOR","BAHIA SHELL ÑEMBY","Reparación de cerco perimetral (49,00 m) y revoque en sala de tableros","PYG","22656480","01 · Reposición de postes y tejido de alambre — 37,00 m","MATERIAL","Poste de hormigón premoldeado 2,20 m para cerco","un","8","185000","","","","0","40"
"P-2026-037","11/9/2026","BORRADOR","BAHIA SHELL ÑEMBY","Reparación de cerco perimetral (49,00 m) y revoque en sala de tableros","PYG","22656480","01 · Reposición de postes y tejido de alambre — 37,00 m","MATERIAL","Tejido de alambre romboidal galvanizado N° 12, h 1,80 m","m","40","78000","","","","0","40"
"P-2026-037","11/9/2026","BORRADOR","BAHIA SHELL ÑEMBY","Reparación de cerco perimetral (49,00 m) y revoque en sala de tableros","PYG","22656480","01 · Reposición de postes y tejido de alambre — 37,00 m","MATERIAL","Alambre de púa galvanizado, rollo de 500 m","rollo","1","320000","","","","0","40"
"P-2026-037","11/9/2026","BORRADOR","BAHIA SHELL ÑEMBY","Reparación de cerco perimetral (49,00 m) y revoque en sala de tableros","PYG","22656480","01 · Reposición de postes y tejido de alambre — 37,00 m","MATERIAL","Alambre de amarre galvanizado N° 14","kg","6","32000","","","","0","40"
"P-2026-037","11/9/2026","BORRADOR","BAHIA SHELL ÑEMBY","Reparación de cerco perimetral (49,00 m) y revoque en sala de tableros","PYG","22656480","01 · Reposición de postes y tejido de alambre — 37,00 m","MATERIAL","Tensor y planchuela de fijación para tejido","un","16","28000","","","","0","40"
"P-2026-037","11/9/2026","BORRADOR","BAHIA SHELL ÑEMBY","Reparación de cerco perimetral (49,00 m) y revoque en sala de tableros","PYG","22656480","01 · Reposición de postes y tejido de alambre — 37,00 m","MATERIAL","Hormigón elaborado para empotramiento de postes","m3","0.6","950000","","","","0","40"
"P-2026-037","11/9/2026","BORRADOR","BAHIA SHELL ÑEMBY","Reparación de cerco perimetral (49,00 m) y revoque en sala de tableros","PYG","22656480","01 · Reposición de postes y tejido de alambre — 37,00 m","MATERIAL","Retiro de escombros, postes y tejido desmontado","gl","1","450000","","","","0","40"
"P-2026-037","11/9/2026","BORRADOR","BAHIA SHELL ÑEMBY","Reparación de cerco perimetral (49,00 m) y revoque en sala de tableros","PYG","22656480","01 · Reposición de postes y tejido de alambre — 37,00 m","MANO_OBRA","Oficial cerquero","h","","","2","32","22000","","40"
"P-2026-037","11/9/2026","BORRADOR","BAHIA SHELL ÑEMBY","Reparación de cerco perimetral (49,00 m) y revoque en sala de tableros","PYG","22656480","01 · Reposición de postes y tejido de alambre — 37,00 m","MANO_OBRA","Ayudante","h","","","2","32","14000","","40"
"P-2026-037","11/9/2026","BORRADOR","BAHIA SHELL ÑEMBY","Reparación de cerco perimetral (49,00 m) y revoque en sala de tableros","PYG","22656480","02 · Reposición de postes y tensado de tejido existente — 12,00 m","MATERIAL","Poste de hormigón premoldeado 2,20 m para cerco","un","4","185000","","","","0","40"
"P-2026-037","11/9/2026","BORRADOR","BAHIA SHELL ÑEMBY","Reparación de cerco perimetral (49,00 m) y revoque en sala de tableros","PYG","22656480","02 · Reposición de postes y tensado de tejido existente — 12,00 m","MATERIAL","Tejido de alambre romboidal galvanizado N° 12, h 1,80 m (reposición de paños)","m","6","78000","","","","0","40"
"P-2026-037","11/9/2026","BORRADOR","BAHIA SHELL ÑEMBY","Reparación de cerco perimetral (49,00 m) y revoque en sala de tableros","PYG","22656480","02 · Reposición de postes y tensado de tejido existente — 12,00 m","MATERIAL","Alambre de amarre galvanizado N° 14","kg","3","32000","","","","0","40"
"P-2026-037","11/9/2026","BORRADOR","BAHIA SHELL ÑEMBY","Reparación de cerco perimetral (49,00 m) y revoque en sala de tableros","PYG","22656480","02 · Reposición de postes y tensado de tejido existente — 12,00 m","MATERIAL","Tensor y planchuela de fijación para tejido","un","8","28000","","","","0","40"
"P-2026-037","11/9/2026","BORRADOR","BAHIA SHELL ÑEMBY","Reparación de cerco perimetral (49,00 m) y revoque en sala de tableros","PYG","22656480","02 · Reposición de postes y tensado de tejido existente — 12,00 m","MATERIAL","Planchuela, broca y tornillo de anclaje a muro de ladrillo","un","12","18000","","","","0","40"
"P-2026-037","11/9/2026","BORRADOR","BAHIA SHELL ÑEMBY","Reparación de cerco perimetral (49,00 m) y revoque en sala de tableros","PYG","22656480","02 · Reposición de postes y tensado de tejido existente — 12,00 m","MATERIAL","Hormigón elaborado para empotramiento de postes","m3","0.3","950000","","","","0","40"
"P-2026-037","11/9/2026","BORRADOR","BAHIA SHELL ÑEMBY","Reparación de cerco perimetral (49,00 m) y revoque en sala de tableros","PYG","22656480","02 · Reposición de postes y tensado de tejido existente — 12,00 m","MANO_OBRA","Oficial cerquero","h","","","2","16","22000","","40"
"P-2026-037","11/9/2026","BORRADOR","BAHIA SHELL ÑEMBY","Reparación de cerco perimetral (49,00 m) y revoque en sala de tableros","PYG","22656480","02 · Reposición de postes y tensado de tejido existente — 12,00 m","MANO_OBRA","Ayudante","h","","","2","16","14000","","40"
"P-2026-037","11/9/2026","BORRADOR","BAHIA SHELL ÑEMBY","Reparación de cerco perimetral (49,00 m) y revoque en sala de tableros","PYG","22656480","03 · Reparación de revoque y pintura en sala de tableros — 6,00 m²","MATERIAL","Cemento Portland, bolsa de 50 kg","bolsa","4","58000","","","","0","40"
"P-2026-037","11/9/2026","BORRADOR","BAHIA SHELL ÑEMBY","Reparación de cerco perimetral (49,00 m) y revoque en sala de tableros","PYG","22656480","03 · Reparación de revoque y pintura en sala de tableros — 6,00 m²","MATERIAL","Arena lavada","m3","0.5","180000","","","","0","40"
"P-2026-037","11/9/2026","BORRADOR","BAHIA SHELL ÑEMBY","Reparación de cerco perimetral (49,00 m) y revoque en sala de tableros","PYG","22656480","03 · Reparación de revoque y pintura en sala de tableros — 6,00 m²","MATERIAL","Puente de adherencia, balde de 4 L","un","1","185000","","","","0","40"
"P-2026-037","11/9/2026","BORRADOR","BAHIA SHELL ÑEMBY","Reparación de cerco perimetral (49,00 m) y revoque en sala de tableros","PYG","22656480","03 · Reparación de revoque y pintura en sala de tableros — 6,00 m²","MATERIAL","Enduido plástico interior, balde de 20 kg","un","1","165000","","","","0","40"
"P-2026-037","11/9/2026","BORRADOR","BAHIA SHELL ÑEMBY","Reparación de cerco perimetral (49,00 m) y revoque en sala de tableros","PYG","22656480","03 · Reparación de revoque y pintura en sala de tableros — 6,00 m²","MATERIAL","Fijador al agua, balde de 4 L","un","1","145000","","","","0","40"
"P-2026-037","11/9/2026","BORRADOR","BAHIA SHELL ÑEMBY","Reparación de cerco perimetral (49,00 m) y revoque en sala de tableros","PYG","22656480","03 · Reparación de revoque y pintura en sala de tableros — 6,00 m²","MATERIAL","Pintura látex lavable interior, balde de 20 L","un","1","480000","","","","0","40"
"P-2026-037","11/9/2026","BORRADOR","BAHIA SHELL ÑEMBY","Reparación de cerco perimetral (49,00 m) y revoque en sala de tableros","PYG","22656480","03 · Reparación de revoque y pintura en sala de tableros — 6,00 m²","MATERIAL","Film de protección, cinta de papel y lija","gl","1","180000","","","","0","40"
"P-2026-037","11/9/2026","BORRADOR","BAHIA SHELL ÑEMBY","Reparación de cerco perimetral (49,00 m) y revoque en sala de tableros","PYG","22656480","03 · Reparación de revoque y pintura en sala de tableros — 6,00 m²","MANO_OBRA","Oficial albañil pintor","h","","","1","20","22000","","40"
"P-2026-037","11/9/2026","BORRADOR","BAHIA SHELL ÑEMBY","Reparación de cerco perimetral (49,00 m) y revoque en sala de tableros","PYG","22656480","03 · Reparación de revoque y pintura en sala de tableros — 6,00 m²","MANO_OBRA","Ayudante","h","","","1","20","14000","","40"
"P-2026-038","11/9/2026","BORRADOR","BAHIA SHELL ÑEMBY","Sala de tableros — colocación de azulejos en franja superior","PYG","4330480","01 · Colocación de azulejos en sala de tableros — 3,50 m²","MATERIAL","Azulejo blanco 30 x 60 cm, caja de 1,44 m²","caja","3","165000","","","","0","40"
"P-2026-038","11/9/2026","BORRADOR","BAHIA SHELL ÑEMBY","Sala de tableros — colocación de azulejos en franja superior","PYG","4330480","01 · Colocación de azulejos en sala de tableros — 3,50 m²","MATERIAL","Adhesivo cementicio para interior, bolsa de 25 kg","bolsa","3","72000","","","","0","40"
"P-2026-038","11/9/2026","BORRADOR","BAHIA SHELL ÑEMBY","Sala de tableros — colocación de azulejos en franja superior","PYG","4330480","01 · Colocación de azulejos en sala de tableros — 3,50 m²","MATERIAL","Cemento Portland, bolsa de 50 kg","bolsa","2","58000","","","","0","40"
"P-2026-038","11/9/2026","BORRADOR","BAHIA SHELL ÑEMBY","Sala de tableros — colocación de azulejos en franja superior","PYG","4330480","01 · Colocación de azulejos en sala de tableros — 3,50 m²","MATERIAL","Arena lavada","m3","0.3","180000","","","","0","40"
"P-2026-038","11/9/2026","BORRADOR","BAHIA SHELL ÑEMBY","Sala de tableros — colocación de azulejos en franja superior","PYG","4330480","01 · Colocación de azulejos en sala de tableros — 3,50 m²","MATERIAL","Puente de adherencia, balde de 4 L","un","1","185000","","","","0","40"
"P-2026-038","11/9/2026","BORRADOR","BAHIA SHELL ÑEMBY","Sala de tableros — colocación de azulejos en franja superior","PYG","4330480","01 · Colocación de azulejos en sala de tableros — 3,50 m²","MATERIAL","Pastina para juntas y sellador siliconado","gl","1","165000","","","","0","40"
"P-2026-038","11/9/2026","BORRADOR","BAHIA SHELL ÑEMBY","Sala de tableros — colocación de azulejos en franja superior","PYG","4330480","01 · Colocación de azulejos en sala de tableros — 3,50 m²","MATERIAL","Crucetas, discos de corte y film de protección","gl","1","145000","","","","0","40"
"P-2026-038","11/9/2026","BORRADOR","BAHIA SHELL ÑEMBY","Sala de tableros — colocación de azulejos en franja superior","PYG","4330480","01 · Colocación de azulejos en sala de tableros — 3,50 m²","MATERIAL","Retiro de escombros y material picado","gl","1","250000","","","","0","40"
"P-2026-038","11/9/2026","BORRADOR","BAHIA SHELL ÑEMBY","Sala de tableros — colocación de azulejos en franja superior","PYG","4330480","01 · Colocación de azulejos en sala de tableros — 3,50 m²","MANO_OBRA","Oficial azulejista","h","","","1","24","25000","","40"
"P-2026-038","11/9/2026","BORRADOR","BAHIA SHELL ÑEMBY","Sala de tableros — colocación de azulejos en franja superior","PYG","4330480","01 · Colocación de azulejos en sala de tableros — 3,50 m²","MANO_OBRA","Ayudante","h","","","1","24","14000","","40"
"P-2026-039","12/9/2026","BORRADOR","FRIGORIFICO CRUZ MONTE","Tanques de agua CZMT — provisión, fabricación y montaje · Planta industrial de Valenzuela","PYG","281772696","01 · Tanque inoxidable AISI 304 · 7.000 L · Ø1.800 × h2.200 × 3 mm","MATERIAL","Chapa inoxidable AISI 304 2B, espesor 3 mm (virola, fondo y techo)","kg","420","44000","","","","8","18"
"P-2026-039","12/9/2026","BORRADOR","FRIGORIFICO CRUZ MONTE","Tanques de agua CZMT — provisión, fabricación y montaje · Planta industrial de Valenzuela","PYG","281772696","01 · Tanque inoxidable AISI 304 · 7.000 L · Ø1.800 × h2.200 × 3 mm","MATERIAL","Caño estructural 100 x 100 x 3 mm para patas, base y arriostres","kg","90","21000","","","","5","18"
"P-2026-039","12/9/2026","BORRADOR","FRIGORIFICO CRUZ MONTE","Tanques de agua CZMT — provisión, fabricación y montaje · Planta industrial de Valenzuela","PYG","281772696","01 · Tanque inoxidable AISI 304 · 7.000 L · Ø1.800 × h2.200 × 3 mm","MATERIAL","Accesorios inoxidables: manhole Ø450, venteo, bocas 2"", brida 3"" con válvula, nivel visual","gl","1","3200000","","","","0","18"
"P-2026-039","12/9/2026","BORRADOR","FRIGORIFICO CRUZ MONTE","Tanques de agua CZMT — provisión, fabricación y montaje · Planta industrial de Valenzuela","PYG","281772696","01 · Tanque inoxidable AISI 304 · 7.000 L · Ø1.800 × h2.200 × 3 mm","MATERIAL","Consumibles de soldadura TIG: varilla 308L, argón, discos de corte y pulido","gl","1","1400000","","","","0","18"
"P-2026-039","12/9/2026","BORRADOR","FRIGORIFICO CRUZ MONTE","Tanques de agua CZMT — provisión, fabricación y montaje · Planta industrial de Valenzuela","PYG","281772696","01 · Tanque inoxidable AISI 304 · 7.000 L · Ø1.800 × h2.200 × 3 mm","MATERIAL","Decapado y pasivado interior (pasta y gel de pickling)","gl","1","700000","","","","0","18"
"P-2026-039","12/9/2026","BORRADOR","FRIGORIFICO CRUZ MONTE","Tanques de agua CZMT — provisión, fabricación y montaje · Planta industrial de Valenzuela","PYG","281772696","01 · Tanque inoxidable AISI 304 · 7.000 L · Ø1.800 × h2.200 × 3 mm","MANO_OBRA","Soldador TIG inoxidable calificado","h","","","2","60","30000","","18"
"P-2026-039","12/9/2026","BORRADOR","FRIGORIFICO CRUZ MONTE","Tanques de agua CZMT — provisión, fabricación y montaje · Planta industrial de Valenzuela","PYG","281772696","01 · Tanque inoxidable AISI 304 · 7.000 L · Ø1.800 × h2.200 × 3 mm","MANO_OBRA","Armador y roleado de virola","h","","","1","40","24000","","18"
"P-2026-039","12/9/2026","BORRADOR","FRIGORIFICO CRUZ MONTE","Tanques de agua CZMT — provisión, fabricación y montaje · Planta industrial de Valenzuela","PYG","281772696","01 · Tanque inoxidable AISI 304 · 7.000 L · Ø1.800 × h2.200 × 3 mm","MANO_OBRA","Ayudante de taller","h","","","1","60","14000","","18"
"P-2026-039","12/9/2026","BORRADOR","FRIGORIFICO CRUZ MONTE","Tanques de agua CZMT — provisión, fabricación y montaje · Planta industrial de Valenzuela","PYG","281772696","02 · Tanque inoxidable AISI 304 · 10.000 L · Ø2.000 × h3.200 × 3 mm","MATERIAL","Chapa inoxidable AISI 304 2B, espesor 3 mm (virola, fondo y techo)","kg","633","44000","","","","8","14"
"P-2026-039","12/9/2026","BORRADOR","FRIGORIFICO CRUZ MONTE","Tanques de agua CZMT — provisión, fabricación y montaje · Planta industrial de Valenzuela","PYG","281772696","02 · Tanque inoxidable AISI 304 · 10.000 L · Ø2.000 × h3.200 × 3 mm","MATERIAL","Caño estructural 100 x 100 x 3 mm para patas, base y arriostres","kg","120","21000","","","","5","14"
"P-2026-039","12/9/2026","BORRADOR","FRIGORIFICO CRUZ MONTE","Tanques de agua CZMT — provisión, fabricación y montaje · Planta industrial de Valenzuela","PYG","281772696","02 · Tanque inoxidable AISI 304 · 10.000 L · Ø2.000 × h3.200 × 3 mm","MATERIAL","Accesorios inoxidables: manhole Ø450, venteo, bocas 2"", brida 3"" con válvula, nivel visual","gl","1","4000000","","","","0","14"
"P-2026-039","12/9/2026","BORRADOR","FRIGORIFICO CRUZ MONTE","Tanques de agua CZMT — provisión, fabricación y montaje · Planta industrial de Valenzuela","PYG","281772696","02 · Tanque inoxidable AISI 304 · 10.000 L · Ø2.000 × h3.200 × 3 mm","MATERIAL","Consumibles de soldadura TIG: varilla 308L, argón, discos de corte y pulido","gl","1","1900000","","","","0","14"
"P-2026-039","12/9/2026","BORRADOR","FRIGORIFICO CRUZ MONTE","Tanques de agua CZMT — provisión, fabricación y montaje · Planta industrial de Valenzuela","PYG","281772696","02 · Tanque inoxidable AISI 304 · 10.000 L · Ø2.000 × h3.200 × 3 mm","MATERIAL","Decapado y pasivado interior (pasta y gel de pickling)","gl","1","1000000","","","","0","14"
"P-2026-039","12/9/2026","BORRADOR","FRIGORIFICO CRUZ MONTE","Tanques de agua CZMT — provisión, fabricación y montaje · Planta industrial de Valenzuela","PYG","281772696","02 · Tanque inoxidable AISI 304 · 10.000 L · Ø2.000 × h3.200 × 3 mm","MANO_OBRA","Soldador TIG inoxidable calificado","h","","","2","80","30000","","14"
"P-2026-039","12/9/2026","BORRADOR","FRIGORIFICO CRUZ MONTE","Tanques de agua CZMT — provisión, fabricación y montaje · Planta industrial de Valenzuela","PYG","281772696","02 · Tanque inoxidable AISI 304 · 10.000 L · Ø2.000 × h3.200 × 3 mm","MANO_OBRA","Armador y roleado de virola","h","","","1","50","24000","","14"
"P-2026-039","12/9/2026","BORRADOR","FRIGORIFICO CRUZ MONTE","Tanques de agua CZMT — provisión, fabricación y montaje · Planta industrial de Valenzuela","PYG","281772696","02 · Tanque inoxidable AISI 304 · 10.000 L · Ø2.000 × h3.200 × 3 mm","MANO_OBRA","Ayudante de taller","h","","","2","80","14000","","14"
"P-2026-039","12/9/2026","BORRADOR","FRIGORIFICO CRUZ MONTE","Tanques de agua CZMT — provisión, fabricación y montaje · Planta industrial de Valenzuela","PYG","281772696","03 · Tanque de acero al carbono · 7.000 L · Ø1.800 × h2.200 × 3 mm","MATERIAL","Chapa de acero al carbono ASTM A36, espesor 3 mm (virola, fondo y techo)","kg","413","11500","","","","8","32"
"P-2026-039","12/9/2026","BORRADOR","FRIGORIFICO CRUZ MONTE","Tanques de agua CZMT — provisión, fabricación y montaje · Planta industrial de Valenzuela","PYG","281772696","03 · Tanque de acero al carbono · 7.000 L · Ø1.800 × h2.200 × 3 mm","MATERIAL","Caño estructural 100 x 100 x 3 mm para patas, base y arriostres","kg","90","18000","","","","5","32"
"P-2026-039","12/9/2026","BORRADOR","FRIGORIFICO CRUZ MONTE","Tanques de agua CZMT — provisión, fabricación y montaje · Planta industrial de Valenzuela","PYG","281772696","03 · Tanque de acero al carbono · 7.000 L · Ø1.800 × h2.200 × 3 mm","MATERIAL","Accesorios: manhole Ø450, venteo, bocas 2"", brida 3"" con válvula, nivel","gl","1","2600000","","","","0","32"
"P-2026-039","12/9/2026","BORRADOR","FRIGORIFICO CRUZ MONTE","Tanques de agua CZMT — provisión, fabricación y montaje · Planta industrial de Valenzuela","PYG","281772696","03 · Tanque de acero al carbono · 7.000 L · Ø1.800 × h2.200 × 3 mm","MATERIAL","Granallado a grado Sa 2½ (interior y exterior)","m2","36","42000","","","","0","32"
"P-2026-039","12/9/2026","BORRADOR","FRIGORIFICO CRUZ MONTE","Tanques de agua CZMT — provisión, fabricación y montaje · Planta industrial de Valenzuela","PYG","281772696","03 · Tanque de acero al carbono · 7.000 L · Ø1.800 × h2.200 × 3 mm","MATERIAL","Pintura epoxi de dos componentes y terminación poliuretánica, con diluyentes","gl","1","3400000","","","","0","32"
"P-2026-039","12/9/2026","BORRADOR","FRIGORIFICO CRUZ MONTE","Tanques de agua CZMT — provisión, fabricación y montaje · Planta industrial de Valenzuela","PYG","281772696","03 · Tanque de acero al carbono · 7.000 L · Ø1.800 × h2.200 × 3 mm","MATERIAL","Consumibles de soldadura MIG: alambre, gas, discos","gl","1","1100000","","","","0","32"
"P-2026-039","12/9/2026","BORRADOR","FRIGORIFICO CRUZ MONTE","Tanques de agua CZMT — provisión, fabricación y montaje · Planta industrial de Valenzuela","PYG","281772696","03 · Tanque de acero al carbono · 7.000 L · Ø1.800 × h2.200 × 3 mm","MANO_OBRA","Soldador MIG","h","","","2","45","24000","","32"
"P-2026-039","12/9/2026","BORRADOR","FRIGORIFICO CRUZ MONTE","Tanques de agua CZMT — provisión, fabricación y montaje · Planta industrial de Valenzuela","PYG","281772696","03 · Tanque de acero al carbono · 7.000 L · Ø1.800 × h2.200 × 3 mm","MANO_OBRA","Armador y roleado de virola","h","","","1","35","24000","","32"
"P-2026-039","12/9/2026","BORRADOR","FRIGORIFICO CRUZ MONTE","Tanques de agua CZMT — provisión, fabricación y montaje · Planta industrial de Valenzuela","PYG","281772696","03 · Tanque de acero al carbono · 7.000 L · Ø1.800 × h2.200 × 3 mm","MANO_OBRA","Ayudante de taller","h","","","1","45","14000","","32"
"P-2026-039","12/9/2026","BORRADOR","FRIGORIFICO CRUZ MONTE","Tanques de agua CZMT — provisión, fabricación y montaje · Planta industrial de Valenzuela","PYG","281772696","03 · Tanque de acero al carbono · 7.000 L · Ø1.800 × h2.200 × 3 mm","MANO_OBRA","Pintor industrial (aplicación y control de espesor)","h","","","1","24","20000","","32"
"P-2026-039","12/9/2026","BORRADOR","FRIGORIFICO CRUZ MONTE","Tanques de agua CZMT — provisión, fabricación y montaje · Planta industrial de Valenzuela","PYG","281772696","04 · Tanque de acero al carbono · 10.000 L · Ø2.000 × h3.200 × 3 mm","MATERIAL","Chapa de acero al carbono ASTM A36, espesor 3 mm (virola, fondo y techo)","kg","622","11500","","","","8","26"
"P-2026-039","12/9/2026","BORRADOR","FRIGORIFICO CRUZ MONTE","Tanques de agua CZMT — provisión, fabricación y montaje · Planta industrial de Valenzuela","PYG","281772696","04 · Tanque de acero al carbono · 10.000 L · Ø2.000 × h3.200 × 3 mm","MATERIAL","Caño estructural 100 x 100 x 3 mm para patas, base y arriostres","kg","120","18000","","","","5","26"
"P-2026-039","12/9/2026","BORRADOR","FRIGORIFICO CRUZ MONTE","Tanques de agua CZMT — provisión, fabricación y montaje · Planta industrial de Valenzuela","PYG","281772696","04 · Tanque de acero al carbono · 10.000 L · Ø2.000 × h3.200 × 3 mm","MATERIAL","Accesorios: manhole Ø450, venteo, bocas 2"", brida 3"" con válvula, nivel","gl","1","3200000","","","","0","26"
"P-2026-039","12/9/2026","BORRADOR","FRIGORIFICO CRUZ MONTE","Tanques de agua CZMT — provisión, fabricación y montaje · Planta industrial de Valenzuela","PYG","281772696","04 · Tanque de acero al carbono · 10.000 L · Ø2.000 × h3.200 × 3 mm","MATERIAL","Granallado a grado Sa 2½ (interior y exterior)","m2","52","42000","","","","0","26"
"P-2026-039","12/9/2026","BORRADOR","FRIGORIFICO CRUZ MONTE","Tanques de agua CZMT — provisión, fabricación y montaje · Planta industrial de Valenzuela","PYG","281772696","04 · Tanque de acero al carbono · 10.000 L · Ø2.000 × h3.200 × 3 mm","MATERIAL","Pintura epoxi de dos componentes y terminación poliuretánica, con diluyentes","gl","1","4600000","","","","0","26"
"P-2026-039","12/9/2026","BORRADOR","FRIGORIFICO CRUZ MONTE","Tanques de agua CZMT — provisión, fabricación y montaje · Planta industrial de Valenzuela","PYG","281772696","04 · Tanque de acero al carbono · 10.000 L · Ø2.000 × h3.200 × 3 mm","MATERIAL","Consumibles de soldadura MIG: alambre, gas, discos","gl","1","1500000","","","","0","26"
"P-2026-039","12/9/2026","BORRADOR","FRIGORIFICO CRUZ MONTE","Tanques de agua CZMT — provisión, fabricación y montaje · Planta industrial de Valenzuela","PYG","281772696","04 · Tanque de acero al carbono · 10.000 L · Ø2.000 × h3.200 × 3 mm","MANO_OBRA","Soldador MIG","h","","","2","60","24000","","26"
"P-2026-039","12/9/2026","BORRADOR","FRIGORIFICO CRUZ MONTE","Tanques de agua CZMT — provisión, fabricación y montaje · Planta industrial de Valenzuela","PYG","281772696","04 · Tanque de acero al carbono · 10.000 L · Ø2.000 × h3.200 × 3 mm","MANO_OBRA","Armador y roleado de virola","h","","","1","45","24000","","26"
"P-2026-039","12/9/2026","BORRADOR","FRIGORIFICO CRUZ MONTE","Tanques de agua CZMT — provisión, fabricación y montaje · Planta industrial de Valenzuela","PYG","281772696","04 · Tanque de acero al carbono · 10.000 L · Ø2.000 × h3.200 × 3 mm","MANO_OBRA","Ayudante de taller","h","","","2","60","14000","","26"
"P-2026-039","12/9/2026","BORRADOR","FRIGORIFICO CRUZ MONTE","Tanques de agua CZMT — provisión, fabricación y montaje · Planta industrial de Valenzuela","PYG","281772696","04 · Tanque de acero al carbono · 10.000 L · Ø2.000 × h3.200 × 3 mm","MANO_OBRA","Pintor industrial (aplicación y control de espesor)","h","","","1","32","20000","","26"
"P-2026-039","12/9/2026","BORRADOR","FRIGORIFICO CRUZ MONTE","Tanques de agua CZMT — provisión, fabricación y montaje · Planta industrial de Valenzuela","PYG","281772696","05 · Tanques de polietileno cilíndricos bicapa · 10.000 L · 6 unidades","MATERIAL","Tanque de polietileno cilíndrico bicapa 10.000 L, h 2.867 mm, Ø 2.390 mm","un","6","5800000","","","","0","20"
"P-2026-039","12/9/2026","BORRADOR","FRIGORIFICO CRUZ MONTE","Tanques de agua CZMT — provisión, fabricación y montaje · Planta industrial de Valenzuela","PYG","281772696","05 · Tanques de polietileno cilíndricos bicapa · 10.000 L · 6 unidades","MATERIAL","Juego de accesorios de conexión por tanque: bocas, brida 2"", venteo, rebose y juntas","jgo","6","520000","","","","0","20"
"P-2026-039","12/9/2026","BORRADOR","FRIGORIFICO CRUZ MONTE","Tanques de agua CZMT — provisión, fabricación y montaje · Planta industrial de Valenzuela","PYG","281772696","05 · Tanques de polietileno cilíndricos bicapa · 10.000 L · 6 unidades","MATERIAL","Elementos de nivelación, anclaje y sellado","gl","1","900000","","","","0","20"
"P-2026-039","12/9/2026","BORRADOR","FRIGORIFICO CRUZ MONTE","Tanques de agua CZMT — provisión, fabricación y montaje · Planta industrial de Valenzuela","PYG","281772696","05 · Tanques de polietileno cilíndricos bicapa · 10.000 L · 6 unidades","MANO_OBRA","Cuadrilla de montaje (oficial)","h","","","1","40","20000","","20"
"P-2026-039","12/9/2026","BORRADOR","FRIGORIFICO CRUZ MONTE","Tanques de agua CZMT — provisión, fabricación y montaje · Planta industrial de Valenzuela","PYG","281772696","05 · Tanques de polietileno cilíndricos bicapa · 10.000 L · 6 unidades","MANO_OBRA","Ayudante de montaje","h","","","2","40","14000","","20"